tag_id,name,category,count
0,1girl,0,0
1,breasts,0,0
2,long_hair,0,0
3,solo,0,0
4,looking_at_viewer,0,0
5,blush,0,0
6,large_breasts,0,0
7,smile,0,0
8,navel,0,0
9,open_mouth,0,0
10,nipples,0,0
11,simple_background,0,0
12,cleavage,0,0
13,blue_eyes,0,0
14,black_hair,0,0
15,thighs,0,0
16,1boy,0,0
17,ass,0,0
18,bare_shoulders,0,0
19,hair_ornament,0,0
20,short_hair,0,0
21,thighhighs,0,0
22,hetero,0,0
23,underwear,0,0
24,white_background,0,0
25,hair_between_eyes,0,0
26,collarbone,0,0
27,shirt,0,0
28,gloves,0,0
29,blonde_hair,0,0
30,animal_ears,0,0
31,nude,0,0
32,sweat,0,0
33,censored,0,0
34,panties,0,0
35,very_long_hair,0,0
36,red_eyes,0,0
37,swimsuit,0,0
38,jewelry,0,0
39,medium_breasts,0,0
40,penis,0,0
41,closed_mouth,0,0
42,brown_hair,0,0
43,multiple_girls,0,0
44,long_sleeves,0,0
45,sitting,0,0
46,skirt,0,0
47,pussy,0,0
48,bikini,0,0
49,purple_eyes,0,0
50,holding,0,0
51,standing,0,0
52,multicolored_hair,0,0
53,tail,0,0
54,dress,0,0
55,lying,0,0
56,sex,0,0
57,sidelocks,0,0
58,solo_focus,0,0
59,heart,0,0
60,bow,0,0
61,2girls,0,0
62,twintails,0,0
63,stomach,0,0
64,blue_hair,0,0
65,ribbon,0,0
66,indoors,0,0
67,small_breasts,0,0
68,yellow_eyes,0,0
69,white_hair,0,0
70,white_shirt,0,0
71,green_eyes,0,0
72,blue_archive,0,0
73,cowboy_shot,0,0
74,pink_hair,0,0
75,grey_hair,0,0
76,purple_hair,0,0
77,earrings,0,0
78,tongue,0,0
79,parted_lips,0,0
80,cum,0,0
81,jacket,0,0
82,halo,0,0
83,spread_legs,0,0
84,pantyhose,0,0
85,ponytail,0,0
86,braid,0,0
87,choker,0,0
88,ahoge,0,0
89,brown_eyes,0,0
90,huge_breasts,0,0
91,hat,0,0
92,mosaic_censoring,0,0
93,vaginal,0,0
94,virtual_youtuber,0,0
95,completely_nude,0,0
96,horns,0,0
97,teeth,0,0
98,tongue_out,0,0
99,outdoors,0,0
100,barefoot,0,0
101,open_clothes,0,0
102,on_back,0,0
103,dark_skin,0,0
104,full_body,0,0
105,armpits,0,0
106,black_gloves,0,0
107,black_thighhighs,0,0
108,red_hair,0,0
109,genshin_impact,0,0
110,mole,0,0
111,hair_ribbon,0,0
112,looking_back,0,0
113,feet,0,0
114,from_behind,0,0
115,pointy_ears,0,0
116,hololive,0,0
117,clothes_lift,0,0
118,bra,0,0
119,hairband,0,0
120,bar_censor,0,0
121,leotard,0,0
122,flower,0,0
123,uncensored,0,0
124,closed_eyes,0,0
125,shorts,0,0
126,pubic_hair,0,0
127,nail_polish,0,0
128,fate_(series),0,0
129,medium_hair,0,0
130,school_uniform,0,0
131,elbow_gloves,0,0
132,toes,0,0
133,upper_body,0,0
134,anus,0,0
135,day,0,0
136,pov,0,0
137,sky,0,0
138,black_panties,0,0
139,sleeveless,0,0
140,white_thighhighs,0,0
141,dark-skinned_female,0,0
142,:d,0,0
143,azur_lane,0,0
144,short_sleeves,0,0
145,blunt_bangs,0,0
146,skindentation,0,0
147,detached_sleeves,0,0
148,white_panties,0,0
149,streaked_hair,0,0
150,pleated_skirt,0,0
151,covered_nipples,0,0
152,rabbit_ears,0,0
153,frills,0,0
154,blurry,0,0
155,fate/grand_order,0,0
156,hairclip,0,0
157,speech_bubble,0,0
158,off_shoulder,0,0
159,arms_up,0,0
160,symbol-shaped_pupils,0,0
161,wet,0,0
162,hair_over_one_eye,0,0
163,one_eye_closed,0,0
164,pussy_juice,0,0
165,white_gloves,0,0
166,hair_bow,0,0
167,highleg,0,0
168,animal_ear_fluff,0,0
169,black_choker,0,0
170,hand_up,0,0
171,groin,0,0
172,on_bed,0,0
173,cum_in_pussy,0,0
174,two-tone_hair,0,0
175,legs,0,0
176,fake_animal_ears,0,0
177,black_skirt,0,0
178,erection,0,0
179,sideboob,0,0
180,female_pubic_hair,0,0
181,midriff,0,0
182,hair_flower,0,0
183,soles,0,0
184,shiny_skin,0,0
185,black_bikini,0,0
186,covered_navel,0,0
187,high_heels,0,0
188,thigh_strap,0,0
189,mole_under_eye,0,0
190,saliva,0,0
191,bowtie,0,0
192,pillow,0,0
193,english_text,0,0
194,green_hair,0,0
195,hair_bun,0,0
196,crop_top,0,0
197,collar,0,0
198,multiple_views,0,0
199,see-through_clothes,0,0
200,collared_shirt,0,0
201,yuri,0,0
202,black_pantyhose,0,0
203,fang,0,0
204,pink_eyes,0,0
205,cat_ears,0,0
206,thick_thighs,0,0
207,grin,0,0
208,wings,0,0
209,water,0,0
210,detached_collar,0,0
211,pants,0,0
212,fingernails,0,0
213,testicles,0,0
214,glasses,0,0
215,sex_from_behind,0,0
216,weapon,0,0
217,cum_on_body,0,0
218,oral,0,0
219,arm_up,0,0
220,socks,0,0
221,necktie,0,0
222,strapless,0,0
223,groping,0,0
224,blurry_background,0,0
225,from_side,0,0
226,necklace,0,0
227,grey_background,0,0
228,monochrome,0,0
229,bare_arms,0,0
230,black_dress,0,0
231,bed_sheet,0,0
232,blue_sky,0,0
233,playboy_bunny,0,0
234,miniskirt,0,0
235,heart-shaped_pupils,0,0
236,cameltoe,0,0
237,multiple_boys,0,0
238,parted_bangs,0,0
239,boots,0,0
240,no_bra,0,0
241,underboob,0,0
242,belt,0,0
243,cloud,0,0
244,sweatdrop,0,0
245,fingerless_gloves,0,0
246,back,0,0
247,torn_clothes,0,0
248,bracelet,0,0
249,ass_visible_through_thighs,0,0
250,bottomless,0,0
251,black_footwear,0,0
252,bare_legs,0,0
253,straddling,0,0
254,food,0,0
255,idolmaster,0,0
256,clothes_pull,0,0
257,shoes,0,0
258,looking_at_another,0,0
259,white_dress,0,0
260,breasts_out,0,0
261,open_jacket,0,0
262,clothing_cutout,0,0
263,fellatio,0,0
264,nose_blush,0,0
265,pokemon,0,0
266,lips,0,0
267,japanese_clothes,0,0
268,tears,0,0
269,girl_on_top,0,0
270,white_bikini,0,0
271,no_panties,0,0
272,tattoo,0,0
273,kantai_collection,0,0
274,piercing,0,0
275,greyscale,0,0
276,halterneck,0,0
277,orange_hair,0,0
278,touhou,0,0
279,short_shorts,0,0
280,feet_out_of_frame,0,0
281,side-tie_bikini_bottom,0,0
282,shirt_lift,0,0
283,fox_ears,0,0
284,upper_teeth_only,0,0
285,no_shoes,0,0
286,one-piece_swimsuit,0,0
287,bed,0,0
288,grabbing_another's_breast,0,0
289,sweater,0,0
290,wrist_cuffs,0,0
291,leaning_forward,0,0
292,striped_clothes,0,0
293,open_shirt,0,0
294,black_jacket,0,0
295,group_sex,0,0
296,hair_intakes,0,0
297,black_bra,0,0
298,kneeling,0,0
299,window,0,0
300,lifting_own_clothes,0,0
301,:o,0,0
302,black_leotard,0,0
303,half-closed_eyes,0,0
304,arm_support,0,0
305,thigh_gap,0,0
306,orange_eyes,0,0
307,comic,0,0
308,eyelashes,0,0
309,grey_eyes,0,0
310,on_side,0,0
311,maid_headdress,0,0
312,dark-skinned_male,0,0
313,areola_slip,0,0
314,cup,0,0
315,two_side_up,0,0
316,beach,0,0
317,3girls,0,0
318,bent_over,0,0
319,arknights,0,0
320,honkai_(series),0,0
321,from_below,0,0
322,black_shirt,0,0
323,topless,0,0
324,swept_bangs,0,0
325,v,0,0
326,hololive_english,0,0
327,bound,0,0
328,makeup,0,0
329,hood,0,0
330,gradient_hair,0,0
331,embarrassed,0,0
332,cat_tail,0,0
333,highleg_leotard,0,0
334,strapless_leotard,0,0
335,puffy_sleeves,0,0
336,aqua_eyes,0,0
337,side_ponytail,0,0
338,all_fours,0,0
339,squatting,0,0
340,gradient_background,0,0
341,breasts_apart,0,0
342,bell,0,0
343,trembling,0,0
344,ejaculation,0,0
345,sex_toy,0,0
346,skirt_lift,0,0
347,colored_inner_hair,0,0
348,hands_up,0,0
349,hand_on_own_hip,0,0
350,string_bikini,0,0
351,mole_on_breast,0,0
352,red_ribbon,0,0
353,demon_horns,0,0
354,breast_press,0,0
355,sailor_collar,0,0
356,from_above,0,0
357,clothing_aside,0,0
358,toenails,0,0
359,looking_to_the_side,0,0
360,dutch_angle,0,0
361,motion_lines,0,0
362,clothed_female_nude_male,0,0
363,phone,0,0
364,black_shorts,0,0
365,black_bow,0,0
366,star_(symbol),0,0
367,kimono,0,0
368,cowgirl_position,0,0
369,apron,0,0
370,black_eyes,0,0
371,serafuku,0,0
372,curvy,0,0
373,ocean,0,0
374,anal,0,0
375,clothed_sex,0,0
376,maid,0,0
377,black_nails,0,0
378,fur_trim,0,0
379,arms_behind_back,0,0
380,blue_skirt,0,0
381,black_ribbon,0,0
382,garter_straps,0,0
383,holding_weapon,0,0
384,underwear_only,0,0
385,colored_skin,0,0
386,head_tilt,0,0
387,red_bow,0,0
388,bdsm,0,0
389,demon_girl,0,0
390,ass_focus,0,0
391,2boys,0,0
392,black_hairband,0,0
393,male_pubic_hair,0,0
394,honkai:_star_rail,0,0
395,coat,0,0
396,eyewear_on_head,0,0
397,looking_down,0,0
398,revealing_clothes,0,0
399,elf,0,0
400,wide_sleeves,0,0
401,double_bun,0,0
402,sunglasses,0,0
403,sleeveless_shirt,0,0
404,sleeveless_dress,0,0
405,rabbit_tail,0,0
406,bodysuit,0,0
407,futanari,0,0
408,paizuri,0,0
409,on_stomach,0,0
410,after_sex,0,0
411,depth_of_field,0,0
412,twin_braids,0,0
413,fox_girl,0,0
414,heavy_breathing,0,0
415,fishnets,0,0
416,bag,0,0
417,cum_on_breasts,0,0
418,arms_behind_head,0,0
419,v-shaped_eyebrows,0,0
420,condom,0,0
421,fox_tail,0,0
422,facial,0,0
423,cellphone,0,0
424,cat_girl,0,0
425,thong,0,0
426,steam,0,0
427,clenched_teeth,0,0
428,curtains,0,0
429,veins,0,0
430,mask,0,0
431,heterochromia,0,0
432,blue_bow,0,0
433,ear_piercing,0,0
434,restrained,0,0
435,cosplay,0,0
436,bondage,0,0
437,steaming_body,0,0
438,tree,0,0
439,pelvic_curtain,0,0
440,chinese_clothes,0,0
441,cumdrip,0,0
442,breath,0,0
443,single_braid,0,0
444,zenless_zone_zero,0,0
445,areolae,0,0
446,doggystyle,0,0
447,leg_up,0,0
448,micro_bikini,0,0
449,lace_trim,0,0
450,wide_hips,0,0
451,facial_mark,0,0
452,sword,0,0
453,bright_pupils,0,0
454,turtleneck,0,0
455,scrunchie,0,0
456,panty_pull,0,0
457,crossed_bangs,0,0
458,tan,0,0
459,mature_female,0,0
460,wolf_ears,0,0
461,shadow,0,0
462,puffy_nipples,0,0
463,abs,0,0
464,missionary,0,0
465,chain,0,0
466,between_breasts,0,0
467,undressing,0,0
468,wariza,0,0
469,extra_ears,0,0
470,light_brown_hair,0,0
471,flat_chest,0,0
472,demon_tail,0,0
473,masturbation,0,0
474,spoken_heart,0,0
475,high_ponytail,0,0
476,crossed_legs,0,0
477,threesome,0,0
478,lingerie,0,0
479,drooling,0,0
480,foreshortening,0,0
481,cleavage_cutout,0,0
482,handjob,0,0
483,chair,0,0
484,large_penis,0,0
485,x_hair_ornament,0,0
486,muscular,0,0
487,ring,0,0
488,sleeves_past_wrists,0,0
489,one_side_up,0,0
490,o-ring,0,0
491,kneehighs,0,0
492,tank_top,0,0
493,low_twintails,0,0
494,eyes_visible_through_hair,0,0
495,licking,0,0
496,towel,0,0
497,idolmaster_cinderella_girls,0,0
498,pink_nails,0,0
499,black_pants,0,0
500,fingering,0,0
501,straight_hair,0,0
502,smartphone,0,0
503,plaid_clothes,0,0
504,large_areolae,0,0
505,faceless,0,0
506,mouth_hold,0,0
507,bouncing_breasts,0,0
508,cum_in_mouth,0,0
509,mole_under_mouth,0,0
510,wet_clothes,0,0
511,pink_panties,0,0
512,animal_print,0,0
513,single_thighhigh,0,0
514,armor,0,0
515,fake_tail,0,0
516,bottle,0,0
517,bob_cut,0,0
518,veiny_penis,0,0
519,denim,0,0
520,couch,0,0
521,blue_nails,0,0
522,covering_privates,0,0
523,dress_shirt,0,0
524,blue_halo,0,0
525,night,0,0
526,profile,0,0
527,cape,0,0
528,thigh_boots,0,0
529,neckerchief,0,0
530,cum_overflow,0,0
531,foot_focus,0,0
532,neck_bell,0,0
533,red_nails,0,0
534,goddess_of_victory:_nikke,0,0
535,skin_fang,0,0
536,no_pants,0,0
537,interracial,0,0
538,rape,0,0
539,standing_on_one_leg,0,0
540,china_dress,0,0
541,wavy_hair,0,0
542,kiss,0,0
543,torn_pantyhose,0,0
544,idolmaster_shiny_colors,0,0
545,girls'_frontline,0,0
546,hand_on_own_chest,0,0
547,fangs,0,0
548,white_bra,0,0
549,cleft_of_venus,0,0
550,siblings,0,0
551,sports_bra,0,0
552,sunlight,0,0
553,blue_bikini,0,0
554,white_socks,0,0
555,faceless_male,0,0
556,bridal_gauntlets,0,0
557,sash,0,0
558,legs_up,0,0
559,white_jacket,0,0
560,wavy_mouth,0,0
561,black_socks,0,0
562,cross,0,0
563,holding_phone,0,0
564,frown,0,0
565,gun,0,0
566,blue_ribbon,0,0
567,white_pupils,0,0
568,toenail_polish,0,0
569,scarf,0,0
570,slit_pupils,0,0
571,single_hair_bun,0,0
572,brown_pantyhose,0,0
573,side-tie_panties,0,0
574,table,0,0
575,sandals,0,0
576,holding_hands,0,0
577,female_masturbation,0,0
578,pasties,0,0
579,hanging_breasts,0,0
580,spread_pussy,0,0
581,short_dress,0,0
582,object_insertion,0,0
583,blue_jacket,0,0
584,aqua_hair,0,0
585,book,0,0
586,white_footwear,0,0
587,tassel,0,0
588,bow_panties,0,0
589,hoodie,0,0
590,partially_visible_vulva,0,0
591,toned,0,0
592,breasts_squeezed_together,0,0
593,veil,0,0
594,rope,0,0
595,thighband_pantyhose,0,0
596,border,0,0
597,witch_hat,0,0
598,black_hat,0,0
599,huge_ass,0,0
600,knees_up,0,0
601,panties_aside,0,0
602,otoko_no_ko,0,0
603,garter_belt,0,0
604,thick_eyebrows,0,0
605,male_focus,0,0
606,scar,0,0
607,white_flower,0,0
608,fire_emblem,0,0
609,after_vaginal,0,0
610,neck_ribbon,0,0
611,convenient_censoring,0,0
612,sharp_teeth,0,0
613,hair_spread_out,0,0
614,plaid_skirt,0,0
615,red_dress,0,0
616,boku_no_hero_academia,0,0
617,red_bikini,0,0
618,blue_leotard,0,0
619,white_skirt,0,0
620,nipple_stimulation,0,0
621,naughty_face,0,0
622,floral_print,0,0
623,bandages,0,0
624,tearing_up,0,0
625,beret,0,0
626,tiara,0,0
627,strap_slip,0,0
628,furrowed_brow,0,0
629,nijisanji,0,0
630,hug,0,0
631,drill_hair,0,0
632,arm_behind_head,0,0
633,grabbing_from_behind,0,0
634,buttons,0,0
635,armlet,0,0
636,plump,0,0
637,petals,0,0
638,holding_cup,0,0
639,red_skirt,0,0
640,black_legwear,0,0
641,front-tie_top,0,0
642,blue_dress,0,0
643,expressionless,0,0
644,dildo,0,0
645,white_pantyhose,0,0
646,camisole,0,0
647,standing_sex,0,0
648,leash,0,0
649,knee_up,0,0
650,top-down_bottom-up,0,0
651,puffy_short_sleeves,0,0
652,floating_hair,0,0
653,panties_under_pantyhose,0,0
654,white_leotard,0,0
655,pencil_skirt,0,0
656,skin_tight,0,0
657,meme_attire,0,0
658,dog_ears,0,0
659,eyeshadow,0,0
660,cardigan,0,0
661,pantyshot,0,0
662,tanlines,0,0
663,wading,0,0
664,light_blush,0,0
665,muscular_female,0,0
666,sketch,0,0
667,sisters,0,0
668,4girls,0,0
669,lace,0,0
670,:3,0,0
671,sparkle,0,0
672,frilled_bikini,0,0
673,dress_lift,0,0
674,futa_with_female,0,0
675,asuna_(blue_archive),4,0
676,raised_eyebrows,0,0
677,ahegao,0,0
678,sensei_(blue_archive),4,0
679,pink_halo,0,0
680,legs_together,0,0
681,competition_swimsuit,0,0
682,blue_shirt,0,0
683,saliva_trail,0,0
684,cum_on_hair,0,0
685,shrug_(clothing),0,0
686,demon_wings,0,0
687,final_fantasy,0,0
688,long_fingernails,0,0
689,multicolored_clothes,0,0
690,print_bikini,0,0
691,gold_trim,0,0
692,multiple_penises,0,0
693,desk,0,0
694,vest,0,0
695,cloudy_sky,0,0
696,vibrator,0,0
697,lactation,0,0
698,lipstick,0,0
699,low-tied_long_hair,0,0
700,flying_sweatdrops,0,0
701,kneepits,0,0
702,love_live!,0,0
703,sound_effects,0,0
704,armpit_crease,0,0
705,partially_submerged,0,0
706,black_horns,0,0
707,used_condom,0,0
708,pink_background,0,0
709,:q,0,0
710,black_background,0,0
711,granblue_fantasy,0,0
712,clitoris,0,0
713,white_apron,0,0
714,ganyu_(genshin_impact),4,0
715,asymmetrical_bangs,0,0
716,rose,0,0
717,blue_background,0,0
718,bandaid,0,0
719,purple_nails,0,0
720,feathered_wings,0,0
721,red_bowtie,0,0
722,cropped_legs,0,0
723,antenna_hair,0,0
724,zettai_ryouiki,0,0
725,inverted_nipples,0,0
726,crying,0,0
727,white_bow,0,0
728,light_smile,0,0
729,white_border,0,0
730,side_slit,0,0
731,hair_over_shoulder,0,0
732,drinking_glass,0,0
733,holding_food,0,0
734,fishnet_pantyhose,0,0
735,denim_shorts,0,0
736,cropped_jacket,0,0
737,3boys,0,0
738,pov_hands,0,0
739,butt_crack,0,0
740,looking_up,0,0
741,arm_behind_back,0,0
742,head_wings,0,0
743,armband,0,0
744,hoop_earrings,0,0
745,capelet,0,0
746,forehead,0,0
747,heart_censor,0,0
748,close-up,0,0
749,petite,0,0
750,highleg_panties,0,0
751,head_out_of_frame,0,0
752,highleg_bikini,0,0
753,messy_hair,0,0
754,gem,0,0
755,dragon_girl,0,0
756,short_hair_with_long_locks,0,0
757,black_wings,0,0
758,out_of_frame,0,0
759,raiden_shogun,4,0
760,bikini_top_only,0,0
761,grabbing_another's_ass,0,0
762,wristband,0,0
763,headphones,0,0
764,blue_bowtie,0,0
765,dragon_horns,0,0
766,artoria_pendragon_(fate),4,0
767,obi,0,0
768,t-shirt,0,0
769,rolling_eyes,0,0
770,wolf_girl,0,0
771,licking_lips,0,0
772,nipple_piercing,0,0
773,tentacles,0,0
774,low_wings,0,0
775,hair_scrunchie,0,0
776,foot_out_of_frame,0,0
777,cow_print,0,0
778,presenting,0,0
779,orgasm,0,0
780,1other,0,0
781,bodystocking,0,0
782,pulling_own_clothes,0,0
783,one_breast_out,0,0
784,monster_girl,0,0
785,hand_on_another's_head,0,0
786,gangbang,0,0
787,goggles,0,0
788,headgear,0,0
789,umbrella,0,0
790,nipple_tweak,0,0
791,backless_outfit,0,0
792,white_hat,0,0
793,red_halo,0,0
794,eyepatch,0,0
795,white_ribbon,0,0
796,holding_sword,0,0
797,blue_panties,0,0
798,kono_subarashii_sekai_ni_shukufuku_wo!,0,0
799,side_braid,0,0
800,:p,0,0
801,cuffs,0,0
802,crown,0,0
803,plant,0,0
804,pov_crotch,0,0
805,interlocked_fingers,0,0
806,princess_connect!,0,0
807,white_hairband,0,0
808,arched_back,0,0
809,contrapposto,0,0
810,bulge,0,0
811,condom_wrapper,0,0
812,hand_in_own_hair,0,0
813,baseball_cap,0,0
814,indie_virtual_youtuber,0,0
815,between_legs,0,0
816,public_indecency,0,0
817,rabbit_girl,0,0
818,selfie,0,0
819,black_belt,0,0
820,bound_wrists,0,0
821,wooden_floor,0,0
822,tsurime,0,0
823,black_one-piece_swimsuit,0,0
824,round_eyewear,0,0
825,feathers,0,0
826,shiny_clothes,0,0
827,wolf_tail,0,0
828,@_@,0,0
829,one_eye_covered,0,0
830,front-tie_bikini_top,0,0
831,nun,0,0
832,black-framed_eyewear,0,0
833,headband,0,0
834,frilled_dress,0,0
835,blue_necktie,0,0
836,alcohol,0,0
837,happy_sex,0,0
838,blood,0,0
839,looking_away,0,0
840,maid_apron,0,0
841,precum,0,0
842,blue_one-piece_swimsuit,0,0
843,panties_around_one_leg,0,0
844,blue_shorts,0,0
845,gag,0,0
846,french_braid,0,0
847,seiza,0,0
848,freckles,0,0
849,buruma,0,0
850,turtleneck_sweater,0,0
851,tiles,0,0
852,ffm_threesome,0,0
853,fruit,0,0
854,sleeping,0,0
855,black_headwear,0,0
856,gym_uniform,0,0
857,red_necktie,0,0
858,anger_vein,0,0
859,braided_ponytail,0,0
860,upskirt,0,0
861,highleg_one-piece_swimsuit,0,0
862,high-waist_skirt,0,0
863,low_ponytail,0,0
864,glowing,0,0
865,sousou_no_frieren,0,0
866,impossible_clothes,0,0
867,ribbed_sweater,0,0
868,ascot,0,0
869,string_panties,0,0
870,yuuka_(blue_archive),4,0
871,striped_thighhighs,0,0
872,white_sleeves,0,0
873,black_necktie,0,0
874,criss-cross_halter,0,0
875,deep_skin,0,0
876,cum_in_ass,0,0
877,shirt_tucked_in,0,0
878,black_bowtie,0,0
879,mouth_mask,0,0
880,sneakers,0,0
881,onsen,0,0
882,nipple_slip,0,0
883,crossed_arms,0,0
884,pubic_tattoo,0,0
885,grabbing_own_breast,0,0
886,black_collar,0,0
887,finger_to_mouth,0,0
888,imminent_penetration,0,0
889,pink_bra,0,0
890,thighlet,0,0
891,pokemon_(creature),0,0
892,vocaloid,0,0
893,cross-section,0,0
894,striped_bikini,0,0
895,semi-rimless_eyewear,0,0
896,white_headwear,0,0
897,pink_bow,0,0
898,anal_object_insertion,0,0
899,logo,0,0
900,red_flower,0,0
901,licking_penis,0,0
902,strapless_dress,0,0
903,high_heel_boots,0,0
904,school_swimsuit,0,0
905,cow_ears,0,0
906,striped_panties,0,0
907,multiple_tails,0,0
908,long_bangs,0,0
909,red_jacket,0,0
910,gagged,0,0
911,vision_(genshin_impact),0,0
912,bird,0,0
913,sand,0,0
914,surprised,0,0
915,6+girls,0,0
916,shared_bathing,0,0
917,lace-trimmed_bra,0,0
918,facing_viewer,0,0
919,wing_collar,0,0
920,covering_breasts,0,0
921,chainsaw_man,0,0
922,beads,0,0
923,spikes,0,0
924,on_floor,0,0
925,jingle_bell,0,0
926,colored_sclera,0,0
927,red_gloves,0,0
928,bare_back,0,0
929,brown_footwear,0,0
930,single_glove,0,0
931,pink_lips,0,0
932,on_couch,0,0
933,mirror,0,0
934,arm_under_breasts,0,0
935,dog_girl,0,0
936,light_particles,0,0
937,bikini_under_clothes,0,0
938,arm_at_side,0,0
939,clothes_writing,0,0
940,mmf_threesome,0,0
941,reflection,0,0
942,shoulder_blades,0,0
943,ball,0,0
944,brown_thighhighs,0,0
945,hair_rings,0,0
946,assertive_female,0,0
947,holding_gun,0,0
948,leaf,0,0
949,light_blue_hair,0,0
950,toeless_legwear,0,0
951,stuffed_toy,0,0
952,fake_horns,0,0
953,gyaru,0,0
954,own_hands_together,0,0
955,rio_(blue_archive),4,0
956,blindfold,0,0
957,strap_gap,0,0
958,track_jacket,0,0
959,office_lady,0,0
960,fins,0,0
961,french_kiss,0,0
962,femdom,0,0
963,chibi,0,0
964,bike_shorts,0,0
965,red_shirt,0,0
966,bound_arms,0,0
967,bocchi_the_rock!,0,0
968,eyeliner,0,0
969,pink_bikini,0,0
970,open_coat,0,0
971,zipper,0,0
972,swim_ring,0,0
973,arm_strap,0,0
974,folded,0,0
975,red_panties,0,0
976,purple_bikini,0,0
977,;d,0,0
978,butterfly_hair_ornament,0,0
979,knees_together_feet_apart,0,0
980,backlighting,0,0
981,cow_horns,0,0
982,palm_tree,0,0
983,spaghetti_strap,0,0
984,lumine_(genshin_impact),4,0
985,interspecies,0,0
986,hatsune_miku,4,0
987,asymmetrical_legwear,0,0
988,hood_down,0,0
989,navel_piercing,0,0
990,furry,0,0
991,pokemon_swsh,0,0
992,night_sky,0,0
993,pale_skin,0,0
994,stud_earrings,0,0
995,yae_miko,4,0
996,houshou_marine,4,0
997,white_one-piece_swimsuit,0,0
998,mechanical_halo,0,0
999,dakimakura_(medium),0,0
1000,shibari,0,0
1001,huge_penis,0,0
1002,doodle_sensei_(blue_archive),4,0
1003,grass,0,0
1004,sitting_on_person,0,0
1005,pool,0,0
1006,dragon_tail,0,0
1007,crying_with_eyes_open,0,0
1008,candy,0,0
1009,single_side_bun,0,0
1010,cowbell,0,0
1011,id_card,0,0
1012,grey_skirt,0,0
1013,white_sweater,0,0
1014,goggles_on_head,0,0
1015,m_legs,0,0
1016,full-face_blush,0,0
1017,vaginal_object_insertion,0,0
1018,female_ejaculation,0,0
1019,wrist_scrunchie,0,0
1020,naked_shirt,0,0
1021,habit,0,0
1022,circlet,0,0
1023,scar_on_face,0,0
1024,leg_lift,0,0
1025,motion_blur,0,0
1026,blazer,0,0
1027,christmas,0,0
1028,nose,0,0
1029,microskirt,0,0
1030,cover,0,0
1031,lace-trimmed_panties,0,0
1032,black_coat,0,0
1033,box,0,0
1034,the_legend_of_zelda,0,0
1035,tray,0,0
1036,2koma,0,0
1037,facing_away,0,0
1038,purple_panties,0,0
1039,corset,0,0
1040,hand_on_own_face,0,0
1041,cunnilingus,0,0
1042,x-ray,0,0
1043,grey_shirt,0,0
1044,tinted_eyewear,0,0
1045,arm_grab,0,0
1046,final_fantasy_xiv,0,0
1047,^_^,0,0
1048,oni,0,0
1049,innertube,0,0
1050,honkai_impact_3rd,0,0
1051,tight_clothes,0,0
1052,shiroko_(blue_archive),4,0
1053,backboob,0,0
1054,horse_ears,0,0
1055,center_opening,0,0
1056,fishnet_thighhighs,0,0
1057,military_uniform,0,0
1058,hair_down,0,0
1059,black_bodysuit,0,0
1060,red_background,0,0
1061,league_of_legends,0,0
1062,partially_unbuttoned,0,0
1063,against_wall,0,0
1064,long_legs,0,0
1065,breast_sucking,0,0
1066,asymmetrical_docking,0,0
1067,lens_flare,0,0
1068,hand_between_legs,0,0
1069,water_drop,0,0
1070,crown_braid,0,0
1071,legs_apart,0,0
1072,bedroom,0,0
1073,sun_hat,0,0
1074,wide-eyed,0,0
1075,puffy_long_sleeves,0,0
1076,shoulder_armor,0,0
1077,outside_border,0,0
1078,moaning,0,0
1079,waist_apron,0,0
1080,cropped_shirt,0,0
1081,red_footwear,0,0
1082,hair_tubes,0,0
1083,torso_grab,0,0
1084,hairpin,0,0
1085,leg_grab,0,0
1086,polka_dot,0,0
1087,presenting_armpit,0,0
1088,toki_(blue_archive),4,0
1089,juliet_sleeves,0,0
1090,shaded_face,0,0
1091,crotch_seam,0,0
1092,micro_shorts,0,0
1093,peaked_cap,0,0
1094,female_orgasm,0,0
1095,multicolored_eyes,0,0
1096,happy,0,0
1097,pantyhose_pull,0,0
1098,fish_tail,0,0
1099,o-ring_bikini,0,0
1100,girls_und_panzer,0,0
1101,cum_on_clothes,0,0
1102,wet_shirt,0,0
1103,classroom,0,0
1104,symbol_in_eye,0,0
1105,buckle,0,0
1106,eye_contact,0,0
1107,suspenders,0,0
1108,leaning_back,0,0
1109,incest,0,0
1110,short_twintails,0,0
1111,karin_(blue_archive),4,0
1112,reverse_cowgirl_position,0,0
1113,goat_horns,0,0
1114,asymmetrical_hair,0,0
1115,internal_cumshot,0,0
1116,can,0,0
1117,yellow_halo,0,0
1118,split,0,0
1119,suit,0,0
1120,dog_tail,0,0
1121,open_fly,0,0
1122,taut_clothes,0,0
1123,hooded_jacket,0,0
1124,purple_dress,0,0
1125,military,0,0
1126,visor_cap,0,0
1127,half_gloves,0,0
1128,moon,0,0
1129,blurry_foreground,0,0
1130,partially_fingerless_gloves,0,0
1131,knee_boots,0,0
1132,heart_pasties,0,0
1133,implied_sex,0,0
1134,height_difference,0,0
1135,short_eyebrows,0,0
1136,dot_nose,0,0
1137,yellow_bikini,0,0
1138,short_ponytail,0,0
1139,stomach_bulge,0,0
1140,adjusting_clothes,0,0
1141,animal,0,0
1142,double_v,0,0
1143,breast_hold,0,0
1144,mona_(genshin_impact),4,0
1145,pendant,0,0
1146,black_sports_bra,0,0
1147,frilled_apron,0,0
1148,blue_sailor_collar,0,0
1149,hu_tao_(genshin_impact),4,0
1150,hood_up,0,0
1151,couple,0,0
1152,spreading_own_pussy,0,0
1153,frilled_sleeves,0,0
1154,torn_thighhighs,0,0
1155,sportswear,0,0
1156,age_difference,0,0
1157,brown_gloves,0,0
1158,cum_string,0,0
1159,horse_girl,0,0
1160,genderswap,0,0
1161,xenoblade_chronicles_(series),0,0
1162,twin_drills,0,0
1163,pants_pull,0,0
1164,sheet_grab,0,0
1165,arm_tattoo,0,0
1166,brooch,0,0
1167,uterus,0,0
1168,see-through_shirt,0,0
1169,aged_up,0,0
1170,cow_print_bikini,0,0
1171,blue_bra,0,0
1172,fur_collar,0,0
1173,angry,0,0
1174,5girls,0,0
1175,loafers,0,0
1176,squatting_cowgirl_position,0,0
1177,adjusting_hair,0,0
1178,thought_bubble,0,0
1179,covered_eyes,0,0
1180,warrior_of_light_(ff14),4,0
1181,half_updo,0,0
1182,empty_eyes,0,0
1183,index_finger_raised,0,0
1184,mind_control,0,0
1185,eating,0,0
1186,gauntlets,0,0
1187,bow_bra,0,0
1188,cheerleader,0,0
1189,slingshot_swimsuit,0,0
1190,black_sailor_collar,0,0
1191,shark_tail,0,0
1192,purple_gloves,0,0
1193,white_shorts,0,0
1194,stuffed_animal,0,0
1195,frilled_skirt,0,0
1196,furry_female,0,0
1197,outstretched_arm,0,0
1198,helmet,0,0
1199,double-parted_bangs,0,0
1200,star_hair_ornament,0,0
1201,yaoi,0,0
1202,pointless_censoring,0,0
1203,double_penetration,0,0
1204,on_chair,0,0
1205,exhibitionism,0,0
1206,torogao,0,0
1207,red-framed_eyewear,0,0
1208,tiptoes,0,0
1209,hair_flaps,0,0
1210,red_lips,0,0
1211,katana,0,0
1212,wet_hair,0,0
1213,median_furrow,0,0
1214,bathing,0,0
1215,gigantic_breasts,0,0
1216,formal_clothes,0,0
1217,red_horns,0,0
1218,bug,0,0
1219,cross_hair_ornament,0,0
1220,sweater_lift,0,0
1221,pink_ribbon,0,0
1222,take_your_pick,0,0
1223,yellow_background,0,0
1224,yokozuwari,0,0
1225,bikini_pull,0,0
1226,animal_hands,0,0
1227,persona,0,0
1228,cover_page,0,0
1229,netorare,0,0
1230,backless_dress,0,0
1231,holding_another's_wrist,0,0
1232,holding_unworn_clothes,0,0
1233,barbell_piercing,0,0
1234,popsicle,0,0
1235,hand_on_own_thigh,0,0
1236,manjuu_(azur_lane),4,0
1237,fucked_silly,0,0
1238,red_neckerchief,0,0
1239,purple_background,0,0
1240,holding_bottle,0,0
1241,purple_flower,0,0
1242,belly,0,0
1243,smug,0,0
1244,anklet,0,0
1245,white_wings,0,0
1246,pom_pom_(clothes),0,0
1247,tareme,0,0
1248,building,0,0
1249,transparent_background,0,0
1250,sleeves_rolled_up,0,0
1251,blue_gloves,0,0
1252,clenched_hand,0,0
1253,linea_alba,0,0
1254,pink_jacket,0,0
1255,unbuttoned,0,0
1256,angel_wings,0,0
1257,rifle,0,0
1258,symmetrical_docking,0,0
1259,school_desk,0,0
1260,print_thighhighs,0,0
1261,pink_shirt,0,0
1262,body_writing,0,0
1263,blue_skin,0,0
1264,single_bare_shoulder,0,0
1265,curly_hair,0,0
1266,crossdressing,0,0
1267,glint,0,0
1268,tile_floor,0,0
1269,hand_on_own_ass,0,0
1270,bags_under_eyes,0,0
1271,one_piece,0,0
1272,projectile_cum,0,0
1273,nier_(series),0,0
1274,bukkake,0,0
1275,santa_hat,0,0
1276,low-braided_long_hair,0,0
1277,street_fighter,0,0
1278,erection_under_clothes,0,0
1279,spy_x_family,0,0
1280,narrow_waist,0,0
1281,jeans,0,0
1282,hip_focus,0,0
1283,casual,0,0
1284,asuna_(bunny)_(blue_archive),4,0
1285,hat_flower,0,0
1286,white_coat,0,0
1287,bat_wings,0,0
1288,necktie_between_breasts,0,0
1289,sono_bisque_doll_wa_koi_wo_suru,0,0
1290,blush_stickers,0,0
1291,blue_hairband,0,0
1292,brown_background,0,0
1293,standing_split,0,0
1294,wedding_ring,0,0
1295,bathroom,0,0
1296,disembodied_hand,0,0
1297,enmaided,0,0
1298,fur-trimmed_jacket,0,0
1299,pout,0,0
1300,bandaged_arm,0,0
1301,ass_grab,0,0
1302,hands_on_own_hips,0,0
1303,pouch,0,0
1304,knife,0,0
1305,pom_pom_(cheerleading),0,0
1306,blue_hat,0,0
1307,outstretched_arms,0,0
1308,black_sleeves,0,0
1309,dolphin_shorts,0,0
1310,cloak,0,0
1311,anus_peek,0,0
1312,white_choker,0,0
1313,green_skirt,0,0
1314,nurse_cap,0,0
1315,umamusume,0,0
1316,bikini_bottom_only,0,0
1317,black_serafuku,0,0
1318,vertical-striped_clothes,0,0
1319,curled_horns,0,0
1320,thong_bikini,0,0
1321,mask_on_head,0,0
1322,school_bag,0,0
1323,cum_on_tongue,0,0
1324,staff,0,0
1325,tail_ornament,0,0
1326,sagging_breasts,0,0
1327,bra_visible_through_clothes,0,0
1328,hair_over_eyes,0,0
1329,twins,0,0
1330,hoshimachi_suisei,4,0
1331,mug,0,0
1332,nier:automata,0,0
1333,bra_lift,0,0
1334,single_earring,0,0
1335,mash_kyrielight,4,0
1336,eyebrows_hidden_by_hair,0,0
1337,muscular_male,0,0
1338,mario_(series),0,0
1339,ringed_eyes,0,0
1340,fujimaru_ritsuka_(male),4,0
1341,feet_up,0,0
1342,fate/apocrypha,0,0
1343,keqing_(genshin_impact),4,0
1344,gotoh_hitori,4,0
1345,blue_thighhighs,0,0
1346,skin-covered_horns,0,0
1347,stretching,0,0
1348,3d,0,0
1349,drinking_straw,0,0
1350,upside-down,0,0
1351,stirrup_legwear,0,0
1352,red_choker,0,0
1353,seductive_smile,0,0
1354,fate/stay_night,0,0
1355,sideways_glance,0,0
1356,hair_behind_ear,0,0
1357,latex,0,0
1358,last_origin,0,0
1359,cum_on_ass,0,0
1360,hand_fan,0,0
1361,pink_dress,0,0
1362,crop_top_overhang,0,0
1363,yor_briar,4,0
1364,shenhe_(genshin_impact),4,0
1365,hair_bobbles,0,0
1366,fate/extra,0,0
1367,green_bikini,0,0
1368,glowing_eyes,0,0
1369,eyebrows,0,0
1370,purple_bow,0,0
1371,untied_bikini,0,0
1372,mismatched_pupils,0,0
1373,pink_flower,0,0
1374,shoulder_cutout,0,0
1375,covering_crotch,0,0
1376,ear_blush,0,0
1377,grabbing_own_ass,0,0
1378,xenoblade_chronicles_2,0,0
1379,size_difference,0,0
1380,grabbing_another's_hair,0,0
1381,looking_at_penis,0,0
1382,cherry_blossoms,0,0
1383,hair_stick,0,0
1384,red_leotard,0,0
1385,purple_thighhighs,0,0
1386,cat,0,0
1387,forehead_mark,0,0
1388,neck_ring,0,0
1389,whisker_markings,0,0
1390,fire_emblem:_three_houses,0,0
1391,red_thighhighs,0,0
1392,headpiece,0,0
1393,handgun,0,0
1394,hypnosis,0,0
1395,off-shoulder_shirt,0,0
1396,two-tone_background,0,0
1397,butterfly,0,0
1398,out-of-frame_censoring,0,0
1399,boy_on_top,0,0
1400,tube_top,0,0
1401,nature,0,0
1402,bestiality,0,0
1403,mouse_ears,0,0
1404,sheath,0,0
1405,ribbon_trim,0,0
1406,bandeau,0,0
1407,penis_on_face,0,0
1408,genderswap_(mtf),0,0
1409,pubic_hair_peek,0,0
1410,re:zero_kara_hajimeru_isekai_seikatsu,0,0
1411,tatami,0,0
1412,deep_penetration,0,0
1413,cow_girl,0,0
1414,trailblazer_(honkai:_star_rail),4,0
1415,purple_ribbon,0,0
1416,cone_hair_bun,0,0
1417,bikini_bottom_aside,0,0
1418,sharp_fingernails,0,0
1419,grey_jacket,0,0
1420,rock,0,0
1421,bleach,0,0
1422,lowleg,0,0
1423,holding_book,0,0
1424,colored_eyelashes,0,0
1425,animal_collar,0,0
1426,cow_print_thighhighs,0,0
1427,white_sailor_collar,0,0
1428,hip_vent,0,0
1429,sarashi,0,0
1430,casual_one-piece_swimsuit,0,0
1431,antlers,0,0
1432,penis_awe,0,0
1433,star_(sky),0,0
1434,blue_footwear,0,0
1435,navel_cutout,0,0
1436,after_fellatio,0,0
1437,crotchless,0,0
1438,frieren,4,0
1439,kitagawa_marin,4,0
1440,mole_on_thigh,0,0
1441,under-rim_eyewear,0,0
1442,ball_gag,0,0
1443,pussy_peek,0,0
1444,mother_and_daughter,0,0
1445,naked_towel,0,0
1446,shorts_pull,0,0
1447,pointing,0,0
1448,spread_ass,0,0
1449,button_gap,0,0
1450,white_tank_top,0,0
1451,maebari,0,0
1452,lollipop,0,0
1453,green_nails,0,0
1454,head_rest,0,0
1455,paw_pose,0,0
1456,hina_(blue_archive),4,0
1457,2b_(nier:automata),4,0
1458,eula_(genshin_impact),4,0
1459,absurdly_long_hair,0,0
1460,blue_flower,0,0
1461,babydoll,0,0
1462,zipper_pull_tab,0,0
1463,red_hairband,0,0
1464,drink,0,0
1465,bald,0,0
1466,fire,0,0
1467,white_kimono,0,0
1468,4boys,0,0
1469,hair_tie,0,0
1470,unworn_panties,0,0
1471,white_pants,0,0
1472,yu-gi-oh!,0,0
1473,lace-trimmed_legwear,0,0
1474,foreskin,0,0
1475,green_skin,0,0
1476,cutoffs,0,0
1477,pink_skirt,0,0
1478,reverse_outfit,0,0
1479,white_skin,0,0
1480,shark_girl,0,0
1481,black_sweater,0,0
1482,tentacle_hair,0,0
1483,toned_female,0,0
1484,holding_tray,0,0
1485,horizon,0,0
1486,backpack,0,0
1487,contemporary,0,0
1488,o-ring_top,0,0
1489,teamwork_(sexual),0,0
1490,harness,0,0
1491,black_sclera,0,0
1492,clothed_male_nude_female,0,0
1493,horse_tail,0,0
1494,megumin,4,0
1495,traditional_bowtie,0,0
1496,doujin_cover,0,0
1497,green_jacket,0,0
1498,red_bra,0,0
1499,wine_glass,0,0
1500,claws,0,0
1501,handbag,0,0
1502,mirko,4,0
1503,white_wrist_cuffs,0,0
1504,fat,0,0
1505,bridal_garter,0,0
1506,ouro_kronii,4,0
1507,poke_ball,0,0
1508,pokemon_sv,0,0
1509,reverse_bunnysuit,0,0
1510,underbust,0,0
1511,furina_(genshin_impact),4,0
1512,shoulder_tattoo,0,0
1513,spoken_ellipsis,0,0
1514,black_halo,0,0
1515,polearm,0,0
1516,go-toubun_no_hanayome,0,0
1517,reaching,0,0
1518,same-sex_bathing,0,0
1519,unworn_shoes,0,0
1520,unzipped,0,0
1521,red_hat,0,0
1522,leg_tattoo,0,0
1523,halloween,0,0
1524,very_dark_skin,0,0
1525,ako_(blue_archive),4,0
1526,mob_cap,0,0
1527,bound_legs,0,0
1528,monster,0,0
1529,covering_own_mouth,0,0
1530,scar_across_eye,0,0
1531,sleeves_past_fingers,0,0
1532,split-color_hair,0,0
1533,hands_on_own_chest,0,0
1534,gawr_gura,4,0
1535,card,0,0
1536,flashing,0,0
1537,hasumi_(blue_archive),4,0
1538,overwatch,0,0
1539,door,0,0
1540,beachball,0,0
1541,orgy,0,0
1542,deepthroat,0,0
1543,lamp,0,0
1544,thigh_grab,0,0
1545,anal_beads,0,0
1546,lanyard,0,0
1547,kisaki_(blue_archive),4,0
1548,long_eyelashes,0,0
1549,motor_vehicle,0,0
1550,green_bow,0,0
1551,breast_curtains,0,0
1552,neon_genesis_evangelion,0,0
1553,print_gloves,0,0
1554,bandaged_leg,0,0
1555,spread_anus,0,0
1556,controller,0,0
1557,mixed-sex_bathing,0,0
1558,floating_earring,0,0
1559,irrumatio,0,0
1560,colored_pubic_hair,0,0
1561,cross-laced_clothes,0,0
1562,one-punch_man,0,0
1563,pokemon_sm,0,0
1564,white_collar,0,0
1565,breast_rest,0,0
1566,watch,0,0
1567,prone_bone,0,0
1568,scales,0,0
1569,naked_apron,0,0
1570,after_anal,0,0
1571,bangle,0,0
1572,drunk,0,0
1573,oppai_loli,0,0
1574,kafka_(honkai:_star_rail),4,0
1575,fern_(sousou_no_frieren),4,0
1576,blanket,0,0
1577,reverse_suspended_congress,0,0
1578,plate,0,0
1579,leotard_aside,0,0
1580,bath,0,0
1581,final_fantasy_vii,0,0
1582,red_collar,0,0
1583,potted_plant,0,0
1584,cube_hair_ornament,0,0
1585,toki_(bunny)_(blue_archive),4,0
1586,strap_pull,0,0
1587,tentacle_sex,0,0
1588,jeanne_d'arc_alter_(fate),4,0
1589,scathach_(fate),4,0
1590,love_live!_nijigasaki_high_school_idol_club,0,0
1591,clenched_hands,0,0
1592,wind,0,0
1593,unworn_skirt,0,0
1594,korean_text,0,0
1595,recording,0,0
1596,taihou_(azur_lane),4,0
1597,pajamas,0,0
1598,yoga_pants,0,0
1599,heart_hair_ornament,0,0
1600,colored_tips,0,0
1601,half_up_braid,0,0
1602,unworn_clothes,0,0
1603,blue_pants,0,0
1604,handcuffs,0,0
1605,pussy_juice_trail,0,0
1606,lower_body,0,0
1607,star_earrings,0,0
1608,spot_color,0,0
1609,persona_5,0,0
1610,spoken_question_mark,0,0
1611,straw_hat,0,0
1612,against_glass,0,0
1613,off-shoulder_dress,0,0
1614,wardrobe_malfunction,0,0
1615,instant_loss,0,0
1616,gift,0,0
1617,hand_on_own_cheek,0,0
1618,race_queen,0,0
1619,light_rays,0,0
1620,yellow_jacket,0,0
1621,unworn_headwear,0,0
1622,gundam,0,0
1623,tamamo_(fate),4,0
1624,guilty_gear,0,0
1625,multicolored_bikini,0,0
1626,wedding_dress,0,0
1627,green_dress,0,0
1628,forehead_jewel,0,0
1629,sexually_suggestive,0,0
1630,tied_shirt,0,0
1631,+_+,0,0
1632,bra_pull,0,0
1633,kamisato_ayaka,4,0
1634,>_<,0,0
1635,crescent,0,0
1636,footjob,0,0
1637,fire_emblem_heroes,0,0
1638,hime_cut,0,0
1639,feather_hair_ornament,0,0
1640,noa_(blue_archive),4,0
1641,:<,0,0
1642,bookshelf,0,0
1643,jacket_on_shoulders,0,0
1644,skirt_pull,0,0
1645,robe,0,0
1646,mouse_girl,0,0
1647,sleeveless_turtleneck,0,0
1648,bremerton_(azur_lane),4,0
1649,black_blindfold,0,0
1650,hugging_object,0,0
1651,bikini_skirt,0,0
1652,full_moon,0,0
1653,dimples_of_venus,0,0
1654,beach_umbrella,0,0
1655,male_penetrated,0,0
1656,belt_buckle,0,0
1657,mika_(blue_archive),4,0
1658,chromatic_aberration,0,0
1659,aether_(genshin_impact),4,0
1660,fence,0,0
1661,w,0,0
1662,purple_kimono,0,0
1663,fat_man,0,0
1664,reaching_towards_viewer,0,0
1665,kazusa_(blue_archive),4,0
1666,two-tone_dress,0,0
1667,tile_wall,0,0
1668,asymmetrical_gloves,0,0
1669,pokemon_dppt,0,0
1670,star-shaped_pupils,0,0
1671,wedgie,0,0
1672,braided_bun,0,0
1673,stray_pubic_hair,0,0
1674,cow_print_gloves,0,0
1675,spiked_collar,0,0
1676,pussy_juice_stain,0,0
1677,yellow_shirt,0,0
1678,princess_zelda,4,0
1679,tight_pants,0,0
1680,bathtub,0,0
1681,purple_bra,0,0
1682,dark_nipples,0,0
1683,holding_own_hair,0,0
1684,pokemon_(anime),0,0
1685,hair_censor,0,0
1686,nurse,0,0
1687,toaru_majutsu_no_index,0,0
1688,arms_at_sides,0,0
1689,mori_calliope,4,0
1690,letterboxed,0,0
1691,v_arms,0,0
1692,sword_art_online,0,0
1693,nekomata_okayu,4,0
1694,forest,0,0
1695,ellen_joe,4,0
1696,sarong,0,0
1697,the_pose,0,0
1698,carrying,0,0
1699,paper,0,0
1700,shirt_pull,0,0
1701,anal_tail,0,0
1702,brown_legwear,0,0
1703,aqua_(konosuba),4,0
1704,bead_bracelet,0,0
1705,brown_skirt,0,0
1706,spread_toes,0,0
1707,nipple_bar,0,0
1708,hanako_(blue_archive),4,0
1709,brown_jacket,0,0
1710,kemonomimi_mode,0,0
1711,unaligned_breasts,0,0
1712,love_live!_sunshine!!,0,0
1713,tied_hair,0,0
1714,cigarette,0,0
1715,grey_skin,0,0
1716,black_tank_top,0,0
1717,gym_shirt,0,0
1718,paizuri_under_clothes,0,0
1719,firefly_(honkai:_star_rail),4,0
1720,grey_dress,0,0
1721,red_skin,0,0
1722,headset,0,0
1723,white_camisole,0,0
1724,single_horn,0,0
1725,wuthering_waves,0,0
1726,:t,0,0
1727,clitoral_hood,0,0
1728,butt_plug,0,0
1729,:>=,0,0
1730,santa_costume,0,0
1731,on_desk,0,0
1732,heart_earrings,0,0
1733,aqua_nails,0,0
1734,hair_over_breasts,0,0
1735,hand_on_another's_shoulder,0,0
1736,claw_pose,0,0
1737,body_fur,0,0
1738,yellow_ribbon,0,0
1739,sakamata_chloe,4,0
1740,one-piece_tan,0,0
1741,cow_tail,0,0
1742,poolside,0,0
1743,looking_ahead,0,0
1744,facial_hair,0,0
1745,brown_belt,0,0
1746,ninomae_ina'nis,4,0
1747,eyepatch_bikini,0,0
1748,microphone,0,0
1749,pokemon_bw2,0,0
1750,water_bottle,0,0
1751,mari_(blue_archive),4,0
1752,bridal_veil,0,0
1753,ghost,0,0
1754,red_sweater,0,0
1755,kaguya-sama_wa_kokurasetai_~tensai-tachi_no_renai_zunousen~,0,0
1756,bun_cover,0,0
1757,dual_persona,0,0
1758,dress_pull,0,0
1759,smirk,0,0
1760,animal_penis,0,0
1761,miqo'te,0,0
1762,heart_hands,0,0
1763,instrument,0,0
1764,reclining,0,0
1765,straight-on,0,0
1766,yelan_(genshin_impact),4,0
1767,red_scarf,0,0
1768,shirakami_fubuki,4,0
1769,dripping,0,0
1770,hakurei_reimu,4,0
1771,leggings,0,0
1772,leotard_under_clothes,0,0
1773,idolmaster_(classic),0,0
1774,smoke,0,0
1775,drink_can,0,0
1776,fox_mask,0,0
1777,kitsune,0,0
1778,aru_(blue_archive),4,0
1779,draph,0,0
1780,shoulder_bag,0,0
1781,pocket,0,0
1782,food_in_mouth,0,0
1783,hat_ornament,0,0
1784,huge_nipples,0,0
1785,marvel,0,0
1786,naruto_(series),0,0
1787,twisted_torso,0,0
1788,dark_elf,0,0
1789,chocolate,0,0
1790,striped_shirt,0,0
1791,wince,0,0
1792,ribs,0,0
1793,yellow_bow,0,0
1794,idolmaster_million_live!,0,0
1795,no_headwear,0,0
1796,pregnant,0,0
1797,paw_gloves,0,0
1798,upright_straddle,0,0
1799,spitroast,0,0
1800,body_markings,0,0
1801,long_braid,0,0
1802,unworn_bra,0,0
1803,frilled_bra,0,0
1804,stelle_(honkai:_star_rail),4,0
1805,disembodied_penis,0,0
1806,cum_pool,0,0
1807,covered_mouth,0,0
1808,crotch,0,0
1809,downblouse,0,0
1810,frilled_panties,0,0
1811,on_ground,0,0
1812,hakama,0,0
1813,purple_skirt,0,0
1814,unworn_eyewear,0,0
1815,flag_print,0,0
1816,flower-shaped_pupils,0,0
1817,love_live!_school_idol_project,0,0
1818,heart_cutout,0,0
1819,back_cutout,0,0
1820,cropped_torso,0,0
1821,hat_ribbon,0,0
1822,mushoku_tensei,0,0
1823,biting_own_lip,0,0
1824,fate/kaleid_liner_prisma_illya,0,0
1825,elden_ring,0,0
1826,tifa_lockhart,4,0
1827,shirogane_noel,4,0
1828,black_vest,0,0
1829,brother_and_sister,0,0
1830,black_tail,0,0
1831,off-shoulder_sweater,0,0
1832,shackles,0,0
1833,starry_sky,0,0
1834,open_cardigan,0,0
1835,personification,0,0
1836,black_kimono,0,0
1837,bikini_top_lift,0,0
1838,open_kimono,0,0
1839,shade,0,0
1840,belt_collar,0,0
1841,lace_panties,0,0
1842,lion_ears,0,0
1843,mismatched_legwear,0,0
1844,bursting_breasts,0,0
1845,karin_(bunny)_(blue_archive),4,0
1846,dragon_ball,0,0
1847,pole,0,0
1848,shimakaze_(kancolle),4,0
1849,tape,0,0
1850,kayoko_(blue_archive),4,0
1851,toaru_kagaku_no_railgun,0,0
1852,duel_monster,0,0
1853,gloved_handjob,0,0
1854,heart_ahoge,0,0
1855,blue_headwear,0,0
1856,double_handjob,0,0
1857,rwby,0,0
1858,grey_halo,0,0
1859,star_in_eye,0,0
1860,red_rose,0,0
1861,monitor,0,0
1862,shawl,0,0
1863,realistic,0,0
1864,tokoyami_towa,4,0
1865,multi-strapped_bikini_bottom,0,0
1866,pauldrons,0,0
1867,nilou_(genshin_impact),4,0
1868,tying_hair,0,0
1869,holding_bag,0,0
1870,;),0,0
1871,red_headwear,0,0
1872,suggestive_fluid,0,0
1873,cross_earrings,0,0
1874,green_background,0,0
1875,penis_grab,0,0
1876,tail_raised,0,0
1877,huge_ahoge,0,0
1878,stool,0,0
1879,arm_held_back,0,0
1880,adjusting_eyewear,0,0
1881,jitome,0,0
1882,long_dress,0,0
1883,partially_unzipped,0,0
1884,unconventional_maid,0,0
1885,cake,0,0
1886,overwatch_1,0,0
1887,makima_(chainsaw_man),4,0
1888,mouse_tail,0,0
1889,holster,0,0
1890,pokephilia,0,0
1891,egg_vibrator,0,0
1892,rain,0,0
1893,holding_condom,0,0
1894,mating_press,0,0
1895,pen,0,0
1896,cooperative_fellatio,0,0
1897,imminent_vaginal,0,0
1898,purple_leotard,0,0
1899,toe_scrunch,0,0
1900,green_panties,0,0
1901,fat_mons,0,0
1902,panty_peek,0,0
1903,sweater_vest,0,0
1904,red_pupils,0,0
1905,kobayashi-san_chi_no_maidragon,0,0
1906,black_pubic_hair,0,0
1907,halter_dress,0,0
1908,black_hoodie,0,0
1909,gridman_universe,0,0
1910,snow,0,0
1911,fur-trimmed_coat,0,0
1912,bubble,0,0
1913,chest_harness,0,0
1914,flipped_hair,0,0
1915,spiked_hair,0,0
1916,joints,0,0
1917,kemono_friends,0,0
1918,hand_to_own_mouth,0,0
1919,wristwatch,0,0
1920,doorway,0,0
1921,striped_bow,0,0
1922,holding_fan,0,0
1923,ceres_fauna,4,0
1924,hololive_indonesia,0,0
1925,epaulettes,0,0
1926,gaping,0,0
1927,high-waist_shorts,0,0
1928,red_shorts,0,0
1929,blue_gemstone,0,0
1930,hug_from_behind,0,0
1931,top_hat,0,0
1932,tress_ribbon,0,0
1933,breast_tattoo,0,0
1934,swimsuit_aside,0,0
1935,holding_towel,0,0
1936,helltaker,0,0
1937,cum_on_stomach,0,0
1938,condom_on_penis,0,0
1939,character_doll,0,0
1940,atelier_(series),0,0
1941,saori_(blue_archive),4,0
1942,multi-strapped_bikini,0,0
1943,atago_(azur_lane),4,0
1944,drawstring,0,0
1945,animal_hood,0,0
1946,dragon_print,0,0
1947,railing,0,0
1948,peeing,0,0
1949,nude_cover,0,0
1950,name_tag,0,0
1951,senran_kagura,0,0
1952,zoom_layer,0,0
1953,musical_note,0,0
1954,outline,0,0
1955,doctor_(arknights),4,0
1956,military_hat,0,0
1957,rosa_(pokemon),4,0
1958,heart_in_eye,0,0
1959,halloween_costume,0,0
1960,fellatio_gesture,0,0
1961,thong_leotard,0,0
1962,horn_ornament,0,0
1963,holding_staff,0,0
1964,veiny_breasts,0,0
1965,chalkboard,0,0
1966,diagonal_bangs,0,0
1967,pokemon_bw,0,0
1968,red_eyeshadow,0,0
1969,flexible,0,0
1970,hair_bell,0,0
1971,bracer,0,0
1972,long_skirt,0,0
1973,round_teeth,0,0
1974,blue_buruma,0,0
1975,unworn_hat,0,0
1976,afterimage,0,0
1977,minamoto_no_raikou_(fate),4,0
1978,yukata,0,0
1979,floating,0,0
1980,holding_can,0,0
1981,prinz_eugen_(azur_lane),4,0
1982,lab_coat,0,0
1983,spanked,0,0
1984,twitching,0,0
1985,midriff_peek,0,0
1986,the_legend_of_zelda:_tears_of_the_kingdom,0,0
1987,purple_halo,0,0
1988,aqua_bow,0,0
1989,sliding_doors,0,0
1990,hand_on_own_head,0,0
1991,tiger_ears,0,0
1992,tomboy,0,0
1993,condom_in_mouth,0,0
1994,bad_anatomy,0,0
1995,hand_on_own_stomach,0,0
1996,pee,0,0
1997,swivel_chair,0,0
1998,lantern,0,0
1999,pantylines,0,0
2000,police,0,0
2001,red_rope,0,0
2002,food-themed_hair_ornament,0,0
2003,hands_in_hair,0,0
2004,green_shirt,0,0
2005,partially_undressed,0,0
2006,blouse,0,0
2007,under_covers,0,0
2008,bra_peek,0,0
2009,fire_emblem_awakening,0,0
2010,kimetsu_no_yaiba,0,0
2011,chestnut_mouth,0,0
2012,hibiscus,0,0
2013,teacup,0,0
2014,iron_cross,0,0
2015,vambraces,0,0
2016,folding_fan,0,0
2017,cum_on_legs,0,0
2018,folded_ponytail,0,0
2019,blinking,0,0
2020,ninja,0,0
2021,kogal,0,0
2022,double-breasted,0,0
2023,cynthia_(pokemon),4,0
2024,takanashi_kiara,4,0
2025,robot,0,0
2026,tally,0,0
2027,chest_tattoo,0,0
2028,sunset,0,0
2029,sitting_on_lap,0,0
2030,head_grab,0,0
2031,underboob_cutout,0,0
2032,floppy_ears,0,0
2033,public_nudity,0,0
2034,speed_lines,0,0
2035,glass,0,0
2036,ice_cream,0,0
2037,lipstick_mark,0,0
2038,sideless_outfit,0,0
2039,taking_picture,0,0
2040,hoshino_(blue_archive),4,0
2041,lycoris_recoil,0,0
2042,multiple_horns,0,0
2043,multiple_moles,0,0
2044,see-through_cleavage,0,0
2045,tatsumaki,4,0
2046,impregnation,0,0
2047,hat_bow,0,0
2048,breast_lift,0,0
2049,evening_gown,0,0
2050,purple_jacket,0,0
2051,stomach_tattoo,0,0
2052,aged_down,0,0
2053,glaring,0,0
2054,sheathed,0,0
2055,injury,0,0
2056,nanashi_mumei,4,0
2057,cross_necklace,0,0
2058,falling_petals,0,0
2059,pokemon_xy,0,0
2060,pantyhose_under_shorts,0,0
2061,braided_bangs,0,0
2062,kill_la_kill,0,0
2063,facial_tattoo,0,0
2064,kanna_(blue_archive),4,0
2065,pillow_hug,0,0
2066,bikini_tan,0,0
2067,grinding,0,0
2068,striped,0,0
2069,wiffle_gag,0,0
2070,candle,0,0
2071,maid_bikini,0,0
2072,locker,0,0
2073,very_sweaty,0,0
2074,arrow_(symbol),0,0
2075,black_cape,0,0
2076,reverse_upright_straddle,0,0
2077,white_belt,0,0
2078,frilled_choker,0,0
2079,spiked_bracelet,0,0
2080,sweater_dress,0,0
2081,white_sports_bra,0,0
2082,:/,0,0
2083,clothes_around_waist,0,0
2084,nontraditional_miko,0,0
2085,green_ribbon,0,0
2086,nijisanji_en,0,0
2087,dark_blue_hair,0,0
2088,cyberpunk_(series),0,0
2089,two-footed_footjob,0,0
2090,blue_kimono,0,0
2091,two-sided_fabric,0,0
2092,mordred_(fate),4,0
2093,atelier_ryza,0,0
2094,nipple_rings,0,0
2095,blunt_ends,0,0
2096,6+boys,0,0
2097,perky_breasts,0,0
2098,assault_rifle,0,0
2099,earclip,0,0
2100,plunging_neckline,0,0
2101,police_uniform,0,0
2102,formidable_(azur_lane),4,0
2103,high-waist_pants,0,0
2104,whistle,0,0
2105,open_book,0,0
2106,cross-laced_footwear,0,0
2107,holding_pom_poms,0,0
2108,hand_on_own_knee,0,0
2109,see-through_silhouette,0,0
2110,smoking,0,0
2111,disposable_cup,0,0
2112,metroid,0,0
2113,backless_leotard,0,0
2114,jeanne_d'arc_alter_(avenger)_(fate),4,0
2115,thigh_sex,0,0
2116,stairs,0,0
2117,usada_pekora,4,0
2118,harem_outfit,0,0
2119,camera,0,0
2120,grey_panties,0,0
2121,sirius_(azur_lane),4,0
2122,two-tone_bikini,0,0
2123,after_ejaculation,0,0
2124,samus_aran,4,0
2125,ssss.gridman,0,0
2126,blue_choker,0,0
2127,multiple_condoms,0,0
2128,poke_ball_(basic),0,0
2129,single_elbow_glove,0,0
2130,pyra_(xenoblade),4,0
2131,hand_on_another's_thigh,0,0
2132,no_shirt,0,0
2133,witch,0,0
2134,nightgown,0,0
2135,walking,0,0
2136,cheating_(relationship),0,0
2137,hand_on_another's_face,0,0
2138,lower_teeth_only,0,0
2139,purple_lips,0,0
2140,soaking_feet,0,0
2141,ookami_mio,4,0
2142,female_pov,0,0
2143,souryuu_asuka_langley,4,0
2144,coin,0,0
2145,clothes_in_mouth,0,0
2146,bandaids_on_nipples,0,0
2147,fire_emblem_fates,0,0
2148,nero_claudius_(fate),4,0
2149,clock,0,0
2150,bench,0,0
2151,squiggle,0,0
2152,tassel_earrings,0,0
2153,imminent_rape,0,0
2154,multicolored_jacket,0,0
2155,oni_horns,0,0
2156,car,0,0
2157,one-piece_swimsuit_pull,0,0
2158,the_king_of_fighters,0,0
2159,android,0,0
2160,arms_under_breasts,0,0
2161,head_on_pillow,0,0
2162,nonomi_(blue_archive),4,0
2163,lion_girl,0,0
2164,branch,0,0
2165,heart_necklace,0,0
2166,frogtie,0,0
2167,puckered_anus,0,0
2168,hair_flowing_over,0,0
2169,single_sidelock,0,0
2170,cum_on_penis,0,0
2171,constricted_pupils,0,0
2172,gift_box,0,0
2173,shishiro_botan,4,0
2174,assisted_exposure,0,0
2175,higuchi_madoka,4,0
2176,frilled_shirt,0,0
2177,pillow_grab,0,0
2178,cyberpunk_edgerunners,0,0
2179,sitting_on_face,0,0
2180,fur-trimmed_gloves,0,0
2181,leather,0,0
2182,wet_swimsuit,0,0
2183,male_masturbation,0,0
2184,split_mouth,0,0
2185,ass_ripple,0,0
2186,bow_hairband,0,0
2187,gold_bikini,0,0
2188,nervous,0,0
2189,ovum,0,0
2190,sandwiched,0,0
2191,collared_dress,0,0
2192,defeat,0,0
2193,pink_thighhighs,0,0
2194,bandaid_on_face,0,0
2195,breasts_on_glass,0,0
2196,drinking,0,0
2197,holding_leash,0,0
2198,purple_skin,0,0
2199,yellow_flower,0,0
2200,lifting_person,0,0
2201,wet_panties,0,0
2202,izayoi_sakuya,4,0
2203,raglan_sleeves,0,0
2204,low_twin_braids,0,0
2205,gradient_eyes,0,0
2206,arm_garter,0,0
2207,gold_earrings,0,0
2208,dark_anus,0,0
2209,bucket,0,0
2210,chest_jewel,0,0
2211,raccoon_ears,0,0
2212,koharu_(blue_archive),4,0
2213,leaning_to_the_side,0,0
2214,multiple_rings,0,0
2215,portrait,0,0
2216,chinese_text,0,0
2217,blue_neckerchief,0,0
2218,jean_(genshin_impact),4,0
2219,link,4,0
2220,holding_umbrella,0,0
2221,monogatari_(series),0,0
2222,headdress,0,0
2223,mecha_pilot_suit,0,0
2224,pixel_art,0,0
2225,green_halo,0,0
2226,two-tone_swimsuit,0,0
2227,guilty_gear_strive,0,0
2228,orange_background,0,0
2229,remote_control_vibrator,0,0
2230,indian_style,0,0
2231,metal_collar,0,0
2232,yukihana_lamy,4,0
2233,science_fiction,0,0
2234,erune,0,0
2235,bow-shaped_hair,0,0
2236,city,0,0
2237,print_dress,0,0
2238,unbuttoned_shirt,0,0
2239,computer,0,0
2240,reisalin_stout,4,0
2241,pervert,0,0
2242,yuuka_(track)_(blue_archive),4,0
2243,center_frills,0,0
2244,chest_sarashi,0,0
2245,single_shoe,0,0
2246,valentine,0,0
2247,rem_(re:zero),4,0
2248,silent_comic,0,0
2249,white_bodysuit,0,0
2250,invisible_chair,0,0
2251,waving,0,0
2252,minato_aqua,4,0
2253,school_chair,0,0
2254,naked_ribbon,0,0
2255,grey_shorts,0,0
2256,suspender_skirt,0,0
2257,breastplate,0,0
2258,vibrator_under_clothes,0,0
2259,iori_(blue_archive),4,0
2260,shiroko_(swimsuit)_(blue_archive),4,0
2261,uneven_legwear,0,0
2262,bisexual_female,0,0
2263,oozora_subaru,4,0
2264,summer,0,0
2265,bowl,0,0
2266,dancer,0,0
2267,showering,0,0
2268,fang_out,0,0
2269,flower_knot,0,0
2270,3:,0,0
2271,wine,0,0
2272,dc_comics,0,0
2273,leg_lock,0,0
2274,stripper_pole,0,0
2275,tachi-e,0,0
2276,heart-shaped_eyewear,0,0
2277,mismatched_pubic_hair,0,0
2278,shuten_douji_(fate),4,0
2279,commander_(azur_lane),4,0
2280,furry_with_non-furry,0,0
2281,viewfinder,0,0
2282,white_horns,0,0
2283,short_kimono,0,0
2284,nervous_smile,0,0
2285,clitoral_stimulation,0,0
2286,purple_pantyhose,0,0
2287,nishikigi_chisato,4,0
2288,dark_background,0,0
2289,bush,0,0
2290,silver_wolf_(honkai:_star_rail),4,0
2291,g-string,0,0
2292,hakos_baelz,4,0
2293,boo_tao_(genshin_impact),4,0
2294,red_cape,0,0
2295,after_kiss,0,0
2296,pink_gloves,0,0
2297,playing_card,0,0
2298,artoria_pendragon_(lancer)_(fate),4,0
2299,game_controller,0,0
2300,remilia_scarlet,4,0
2301,pink_pupils,0,0
2302,bra_strap,0,0
2303,hand_on_headwear,0,0
2304,on_table,0,0
2305,;o,0,0
2306,chinese_zodiac,0,0
2307,holding_knife,0,0
2308,straddling_paizuri,0,0
2309,dog,0,0
2310,wide_spread_legs,0,0
2311,high_collar,0,0
2312,lace_bra,0,0
2313,sparkle_(honkai:_star_rail),4,0
2314,cervix,0,0
2315,pink_footwear,0,0
2316,purple_hairband,0,0
2317,fertilization,0,0
2318,hakama_skirt,0,0
2319,mole_on_ass,0,0
2320,futon,0,0
2321,earpiece,0,0
2322,see-through_sleeves,0,0
2323,sign,0,0
2324,marnie_(pokemon),4,0
2325,belfast_(azur_lane),4,0
2326,futa_with_male,0,0
2327,angel,0,0
2328,barbara_(genshin_impact),4,0
2329,skirt_hold,0,0
2330,watson_amelia,4,0
2331,jacket_partially_removed,0,0
2332,nami_(one_piece),4,0
2333,american_flag,0,0
2334,final_fantasy_vii_remake,0,0
2335,torn_shirt,0,0
2336,hand_on_another's_ass,0,0
2337,electricity,0,0
2338,notice_lines,0,0
2339,soap_bubbles,0,0
2340,purple_shirt,0,0
2341,dual_wielding,0,0
2342,uniform,0,0
2343,white_legwear,0,0
2344,leopard_print,0,0
2345,tissue_box,0,0
2346,multicolored_skin,0,0
2347,hair_up,0,0
2348,loose_socks,0,0
2349,biting,0,0
2350,sun,0,0
2351,fff_threesome,0,0
2352,grey_sweater,0,0
2353,hand_in_pocket,0,0
2354,nervous_sweating,0,0
2355,white_capelet,0,0
2356,headpat,0,0
2357,platform_footwear,0,0
2358,competition_school_swimsuit,0,0
2359,pink_bowtie,0,0
2360,mythra_(xenoblade),4,0
2361,print_panties,0,0
2362,fox_shadow_puppet,0,0
2363,scar_on_cheek,0,0
2364,yellow_nails,0,0
2365,breast_curtain,0,0
2366,head_back,0,0
2367,coat_on_shoulders,0,0
2368,leotard_pull,0,0
2369,toilet,0,0
2370,nerissa_ravencroft,4,0
2371,mutsuki_(blue_archive),4,0
2372,arlecchino_(genshin_impact),4,0
2373,swimsuit_under_clothes,0,0
2374,the_legend_of_zelda:_breath_of_the_wild,0,0
2375,emphasis_lines,0,0
2376,policewoman,0,0
2377,flandre_scarlet,4,0
2378,fischl_(genshin_impact),4,0
2379,annoyed,0,0
2380,black_mask,0,0
2381,train_interior,0,0
2382,kirisame_marisa,4,0
2383,bespectacled,0,0
2384,photo_(object),0,0
2385,taut_shirt,0,0
2386,cross-shaped_pupils,0,0
2387,talking,0,0
2388,white_scarf,0,0
2389,flaccid,0,0
2390,headphones_around_neck,0,0
2391,pokemon_legends:_arceus,0,0
2392,cellphone_photo,0,0
2393,princess_peach,4,0
2394,two-tone_gloves,0,0
2395,print_shirt,0,0
2396,see-through_dress,0,0
2397,jane_doe_(zenless_zone_zero),4,0
2398,blur_censor,0,0
2399,raised_eyebrow,0,0
2400,mechanical_arms,0,0
2401,clothed_female_nude_female,0,0
2402,long_tongue,0,0
2403,teddy_bear,0,0
2404,extra_arms,0,0
2405,takarada_rikka,4,0
2406,gameplay_mechanics,0,0
2407,morgan_le_fay_(fate),4,0
2408,panty_straps,0,0
2409,darkstalkers,0,0
2410,girl_sandwich,0,0
2411,mouth_drool,0,0
2412,spoken_blush,0,0
2413,torn_pants,0,0
2414,food_on_body,0,0
2415,gakuen_idolmaster,0,0
2416,heart_choker,0,0
2417,skull,0,0
2418,yoimiya_(genshin_impact),4,0
2419,breast_suppress,0,0
2420,ice,0,0
2421,brown_shirt,0,0
2422,naked_jacket,0,0
2423,shushing,0,0
2424,ribbon-trimmed_sleeves,0,0
2425,shiroko_terror_(blue_archive),4,0
2426,thighhighs_under_boots,0,0
2427,crotchless_panties,0,0
2428,full_nelson,0,0
2429,slap_mark,0,0
2430,smell,0,0
2431,aqua_bowtie,0,0
2432,female_pervert,0,0
2433,television,0,0
2434,tokin_hat,0,0
2435,half-closed_eye,0,0
2436,white_eyes,0,0
2437,black_camisole,0,0
2438,ancient_egyptian,0,0
2439,shortstack,0,0
2440,hair_pulled_back,0,0
2441,grey_thighhighs,0,0
2442,nicole_demara,4,0
2443,surrounded_by_penises,0,0
2444,magical_girl,0,0
2445,wall,0,0
2446,syringe,0,0
2447,vampire,0,0
2448,facepaint,0,0
2449,biceps,0,0
2450,undersized_clothes,0,0
2451,brown_sweater,0,0
2452,chibi_inset,0,0
2453,oversized_clothes,0,0
2454,shoe_soles,0,0
2455,office_chair,0,0
2456,cityscape,0,0
2457,torn_bodysuit,0,0
2458,finger_in_another's_mouth,0,0
2459,animal_ear_hairband,0,0
2460,unworn_jacket,0,0
2461,3koma,0,0
2462,beer,0,0
2463,big_belly,0,0
2464,face-to-face,0,0
2465,brick_wall,0,0
2466,mismatched_gloves,0,0
2467,astolfo_(fate),4,0
2468,fundoshi,0,0
2469,jeanne_d'arc_(fate),4,0
2470,mini_crown,0,0
2471,arm_guards,0,0
2472,averting_eyes,0,0
2473,grey_pants,0,0
2474,bandaid_on_leg,0,0
2475,clipboard,0,0
2476,orange_bikini,0,0
2477,ribbon_choker,0,0
2478,shiori_novella,4,0
2479,breast_pocket,0,0
2480,illyasviel_von_einzbern,4,0
2481,money,0,0
2482,twitching_penis,0,0
2483,material_growth,0,0
2484,mordred_(fate/apocrypha),4,0
2485,red_buruma,0,0
2486,sangonomiya_kokomi,4,0
2487,pink_skin,0,0
2488,slave,0,0
2489,admiral_(kancolle),4,0
2490,tall_female,0,0
2491,hex_maniac_(pokemon),4,0
2492,wakamo_(blue_archive),4,0
2493,ejaculating_while_penetrated,0,0
2494,to_love-ru,0,0
2495,lotion,0,0
2496,black_garter_straps,0,0
2497,hugging_own_legs,0,0
2498,strapless_bikini,0,0
2499,open_door,0,0
2500,light_frown,0,0
2501,lifting_another's_clothes,0,0
2502,tiger_tail,0,0
2503,cushion,0,0
2504,presenting_foot,0,0
2505,shower_(place),0,0
2506,uraraka_ochaco,4,0
2507,bead_necklace,0,0
2508,frilled_hairband,0,0
2509,one-hour_drawing_challenge,0,0
2510,miyamoto_musashi_(fate),4,0
2511,uzaki-chan_wa_asobitai!,0,0
2512,excessive_cum,0,0
2513,scowl,0,0
2514,fish,0,0
2515,holding_poke_ball,0,0
2516,pectorals,0,0
2517,sleep_molestation,0,0
2518,multicolored_nails,0,0
2519,third_eye,0,0
2520,gundam_suisei_no_majo,0,0
2521,taimanin_(series),0,0
2522,blood_on_face,0,0
2523,breastless_clothes,0,0
2524,animal_nose,0,0
2525,superhero_costume,0,0
2526,holding_underwear,0,0
2527,lolita_fashion,0,0
2528,sleeve_cuffs,0,0
2529,whistle_around_neck,0,0
2530,dancing,0,0
2531,wind_lift,0,0
2532,bandana,0,0
2533,hands,0,0
2534,asymmetrical_horns,0,0
2535,long_pointy_ears,0,0
2536,narrowed_eyes,0,0
2537,body_freckles,0,0
2538,androgynous,0,0
2539,beach_towel,0,0
2540,chun-li,4,0
2541,beer_can,0,0
2542,ishtar_(fate),4,0
2543,slippers,0,0
2544,amber_(genshin_impact),4,0
2545,architecture,0,0
2546,o-ring_bottom,0,0
2547,breast_envy,0,0
2548,futanari_masturbation,0,0
2549,giant,0,0
2550,key,0,0
2551,zhu_yuan,4,0
2552,bite_mark,0,0
2553,spoon,0,0
2554,hand_under_clothes,0,0
2555,chain_leash,0,0
2556,heart_tattoo,0,0
2557,kochiya_sanae,4,0
2558,bb_(fate),4,0
2559,wine_bottle,0,0
2560,on_one_knee,0,0
2561,strappy_heels,0,0
2562,barcode,0,0
2563,prostitution,0,0
2564,single_leg_pantyhose,0,0
2565,mary_janes,0,0
2566,ichika_(blue_archive),4,0
2567,lowleg_panties,0,0
2568,american_flag_print,0,0
2569,millennium_cheerleader_outfit_(blue_archive),0,0
2570,fujimaru_ritsuka_(female),4,0
2571,improvised_gag,0,0
2572,shore,0,0
2573,5boys,0,0
2574,scared,0,0
2575,big_hair,0,0
2576,blue_scrunchie,0,0
2577,christmas_tree,0,0
2578,holding_candy,0,0
2579,shibari_over_clothes,0,0
2580,tribadism,0,0
2581,two_tails,0,0
2582,anis_(nikke),4,0
2583,arm_warmers,0,0
2584,tamamo_no_mae_(fate/extra),4,0
2585,bare_hips,0,0
2586,sweaty_armpits,0,0
2587,black_garter_belt,0,0
2588,dagger,0,0
2589,humiliation,0,0
2590,byleth_(fire_emblem),4,0
2591,aroused,0,0
2592,jujutsu_kaisen,0,0
2593,oripathy_lesion_(arknights),0,0
2594,shimenawa,0,0
2595,tabard,0,0
2596,neru_(blue_archive),4,0
2597,fine_fabric_emphasis,0,0
2598,ofuda,0,0
2599,brown_cardigan,0,0
2600,crystal,0,0
2601,dead_or_alive,0,0
2602,beanie,0,0
2603,brown_coat,0,0
2604,kita_ikuyo,4,0
2605,asymmetrical_clothes,0,0
2606,ceiling,0,0
2607,houshou_marine_(1st_costume),4,0
2608,after_paizuri,0,0
2609,number_tattoo,0,0
2610,ui_(blue_archive),4,0
2611,yellow_panties,0,0
2612,bikini_armor,0,0
2613,child,0,0
2614,cat_lingerie,0,0
2615,pointless_condom,0,0
2616,frilled_shirt_collar,0,0
2617,neptune_(series),0,0
2618,single_wing,0,0
2619,fate/extra_ccc,0,0
2620,purple_hat,0,0
2621,showgirl_skirt,0,0
2622,large_testicles,0,0
2623,pleated_dress,0,0
2624,topless_male,0,0
2625,adjusting_swimsuit,0,0
2626,cat_cutout,0,0
2627,pink_hairband,0,0
2628,pussy_juice_puddle,0,0
2629,bouquet,0,0
2630,covered_collarbone,0,0
2631,komi-san_wa_komyushou_desu,0,0
2632,rough_sex,0,0
2633,toeless_footwear,0,0
2634,star_print,0,0
2635,hip_bones,0,0
2636,au_ra,0,0
2637,blue_bodysuit,0,0
2638,layered_bikini,0,0
2639,sparse_pubic_hair,0,0
2640,faceless_female,0,0
2641,konpaku_youmu,4,0
2642,perineum,0,0
2643,diamond_(shape),0,0
2644,print_kimono,0,0
2645,two-tone_jacket,0,0
2646,futa_with_futa,0,0
2647,lion_tail,0,0
2648,bar_(place),0,0
2649,frilled_one-piece_swimsuit,0,0
2650,furry_male,0,0
2651,x-shaped_pupils,0,0
2652,thigh_holster,0,0
2653,darkness_(konosuba),4,0
2654,torn_dress,0,0
2655,white_fur,0,0
2656,carrot,0,0
2657,pouring,0,0
2658,blue_hoodie,0,0
2659,pearl_necklace,0,0
2660,hamakaze_(kancolle),4,0
2661,onee-shota,0,0
2662,rabbit_pose,0,0
2663,single_sock,0,0
2664,very_short_hair,0,0
2665,harem,0,0
2666,hitachi_magic_wand,0,0
2667,pinstripe_pattern,0,0
2668,serious,0,0
2669,excessive_pubic_hair,0,0
2670,gold,0,0
2671,miko,0,0
2672,monster_hunter_(series),0,0
2673,mahou_shoujo_madoka_magica,0,0
2674,green_gloves,0,0
2675,ear_tag,0,0
2676,izuna_(blue_archive),4,0
2677,flag,0,0
2678,beer_mug,0,0
2679,tassel_hair_ornament,0,0
2680,come_hither,0,0
2681,armored_boots,0,0
2682,tongue_piercing,0,0
2683,skull_hair_ornament,0,0
2684,mascara,0,0
2685,knees,0,0
2686,leg_ribbon,0,0
2687,red_ascot,0,0
2688,hair_tie_in_mouth,0,0
2689,hot,0,0
2690,kitchen,0,0
2691,mouth_veil,0,0
2692,fake_screenshot,0,0
2693,implied_futanari,0,0
2694,power_(chainsaw_man),4,0
2695,red_legwear,0,0
2696,strap,0,0
2697,snowing,0,0
2698,street_fighter_6,0,0
2699,caught,0,0
2700,white_nails,0,0
2701,belt_pouch,0,0
2702,shower_head,0,0
2703,trait_connection,0,0
2704,crossed_ankles,0,0
2705,giantess,0,0
2706,locker_room,0,0
2707,see-through_leotard,0,0
2708,ankle_boots,0,0
2709,holding_polearm,0,0
2710,two-tone_eyes,0,0
2711,short_necktie,0,0
2712,walk-in,0,0
2713,st._louis_(azur_lane),4,0
2714,voiceroid,0,0
2715,squeans,0,0
2716,suspended_congress,0,0
2717,used_tissue,0,0
2718,crotch_rope,0,0
2719,manly,0,0
2720,red_kimono,0,0
2721,smelling,0,0
2722,purple_bowtie,0,0
2723,cupless_bra,0,0
2724,mini_hat,0,0
2725,tiger_print,0,0
2726,bound_ankles,0,0
2727,reisen_udongein_inaba,4,0
2728,vshojo,0,0
2729,surgical_mask,0,0
2730,starfish,0,0
2731,urethra,0,0
2732,o-ring_choker,0,0
2733,lace-trimmed_thighhighs,0,0
2734,back_tattoo,0,0
2735,hilda_(pokemon),4,0
2736,tohsaka_rin,4,0
2737,miyako_(blue_archive),4,0
2738,cum_on_feet,0,0
2739,condom_packet_strip,0,0
2740,blank_censor,0,0
2741,pink_leotard,0,0
2742,sundress,0,0
2743,unworn_shirt,0,0
2744,covering_nipples,0,0
2745,elbow_rest,0,0
2746,phimosis,0,0
2747,black_flower,0,0
2748,shield,0,0
2749,karyl_(princess_connect!),4,0
2750,convenient_leg,0,0
2751,irys_(hololive),4,0
2752,east_asian_architecture,0,0
2753,mismatched_bikini,0,0
2754,dungeon_ni_deai_wo_motomeru_no_wa_machigatteiru_darou_ka,0,0
2755,feather_boa,0,0
2756,patchouli_knowledge,4,0
2757,virgin_killer_sweater,0,0
2758,white_outline,0,0
2759,precure,0,0
2760,blue_sweater,0,0
2761,shiranui_flare,4,0
2762,yakumo_yukari,4,0
2763,plana_(blue_archive),4,0
2764,tabi,0,0
2765,dark_penis,0,0
2766,goth_fashion,0,0
2767,breast_focus,0,0
2768,lisa_(genshin_impact),4,0
2769,nessa_(pokemon),4,0
2770,hakui_koyori,4,0
2771,matoi_ryuuko,4,0
2772,infection_monitor_(arknights),0,0
2773,texas_(arknights),4,0
2774,garrison_cap,0,0
2775,impossible_bodysuit,0,0
2776,tablet_pc,0,0
2777,command_spell,0,0
2778,cum_on_hands,0,0
2779,mountain,0,0
2780,arm_rest,0,0
2781,ass_support,0,0
2782,hands_in_pockets,0,0
2783,licking_nipple,0,0
2784,slime_(substance),0,0
2785,blue_cape,0,0
2786,knee_pads,0,0
2787,saber_(fate),4,0
2788,mechanical_horns,0,0
2789,belly_chain,0,0
2790,skinny,0,0
2791,doll_joints,0,0
2792,mayuzumi_fuyuko,4,0
2793,spoken_exclamation_mark,0,0
2794,chain-link_fence,0,0
2795,novelty_censor,0,0
2796,mini_person,0,0
2797,holding_ball,0,0
2798,suspension,0,0
2799,teacher,0,0
2800,animal_ear_headphones,0,0
2801,red_bodysuit,0,0
2802,holding_lollipop,0,0
2803,nintendo_switch,0,0
2804,spear,0,0
2805,pink_sweater,0,0
2806,profanity,0,0
2807,ancient_egyptian_clothes,0,0
2808,chained,0,0
2809,haori,0,0
2810,sleeveless_sweater,0,0
2811,paw_print,0,0
2812,see-through_legwear,0,0
2813,purple_footwear,0,0
2814,o-ring_thigh_strap,0,0
2815,shy,0,0
2816,rimless_eyewear,0,0
2817,purple_legwear,0,0
2818,red_eyeliner,0,0
2819,cyborg,0,0
2820,armpit_peek,0,0
2821,milk,0,0
2822,american_flag_bikini,0,0
2823,hanako_(swimsuit)_(blue_archive),4,0
2824,thumbs_up,0,0
2825,spider-man_(series),0,0
2826,sunbeam,0,0
2827,lillie_(pokemon),4,0
2828,two-tone_shirt,0,0
2829,3d_background,0,0
2830,red_scrunchie,0,0
2831,hoshimi_miyabi,4,0
2832,tail_bow,0,0
2833,bang_dream!,0,0
2834,hand_on_own_chin,0,0
2835,pov_doorway,0,0
2836,exercising,0,0
2837,loincloth,0,0
2838,pecorine_(princess_connect!),4,0
2839,pose,0,0
2840,body_blush,0,0
2841,raccoon_girl,0,0
2842,cable,0,0
2843,pocky,0,0
2844,two-tone_skirt,0,0
2845,foot_up,0,0
2846,strangling,0,0
2847,belle_(zenless_zone_zero),4,0
2848,horse_penis,0,0
2849,blue_theme,0,0
2850,gardevoir,4,0
2851,anal_fingering,0,0
2852,frilled_gloves,0,0
2853,rabbit_hair_ornament,0,0
2854,red_sclera,0,0
2855,outstretched_hand,0,0
2856,sleeveless_turtleneck_leotard,0,0
2857,orange_bow,0,0
2858,jack-o'-lantern,0,0
2859,obliques,0,0
2860,white_cape,0,0
2861,silhouette,0,0
2862,sparkling_eyes,0,0
2863,torn_legwear,0,0
2864,checkered_floor,0,0
2865,splashing,0,0
2866,mask_pull,0,0
2867,sticker_on_face,0,0
2868,holding_own_arm,0,0
2869,page_number,0,0
2870,yandere,0,0
2871,black_skin,0,0
2872,strap-on,0,0
2873,inubashiri_momiji,4,0
2874,chopsticks,0,0
2875,fuwawa_abyssgard,4,0
2876,white_veil,0,0
2877,artistic_error,0,0
2878,beard,0,0
2879,dressing,0,0
2880,pom_pom_hair_ornament,0,0
2881,toga_himiko,4,0
2882,waking_up,0,0
2883,back_bow,0,0
2884,knees_to_chest,0,0
2885,paimon_(genshin_impact),4,0
2886,shelf,0,0
2887,shinano_(azur_lane),4,0
2888,gym_shorts,0,0
2889,nosebleed,0,0
2890,fireworks,0,0
2891,hand_on_another's_hip,0,0
2892,hands_on_own_face,0,0
2893,pulling_another's_clothes,0,0
2894,animification,0,0
2895,black_lips,0,0
2896,defloration,0,0
2897,computer_keyboard,0,0
2898,panty_&_stocking_with_garterbelt,0,0
2899,yawning,0,0
2900,burnice_white,4,0
2901,dice,0,0
2902,inugami_korone,4,0
2903,tail_wagging,0,0
2904,amane_kanata,4,0
2905,plugsuit,0,0
2906,sanpaku,0,0
2907,yellow_hairband,0,0
2908,covering_face,0,0
2909,handheld_game_console,0,0
2910,inoue_takina,4,0
2911,oral_invitation,0,0
2912,chloe_von_einzbern,4,0
2913,pole_dancing,0,0
2914,prosthesis,0,0
2915,reach-around,0,0
2916,picture_frame,0,0
2917,splatoon_(series),0,0
2918,holding_cigarette,0,0
2919,nakano_nino,4,0
2920,polka_dot_panties,0,0
2921,dehya_(genshin_impact),4,0
2922,hose,0,0
2923,megami_magazine,0,0
2924,green_bra,0,0
2925,grey_gloves,0,0
2926,hasumi_(track)_(blue_archive),4,0
2927,two-tone_skin,0,0
2928,brown_shorts,0,0
2929,multiple_others,0,0
2930,senki_zesshou_symphogear,0,0
2931,towel_around_neck,0,0
2932,long_labia,0,0
2933,strawberry,0,0
2934,twitter_strip_game,0,0
2935,holding_removed_eyewear,0,0
2936,byleth_(female)_(fire_emblem),4,0
2937,condom_belt,0,0
2938,illustrious_(azur_lane),4,0
2939,torn_shorts,0,0
2940,frilled_thighhighs,0,0
2941,new_year,0,0
2942,futa_without_pussy,0,0
2943,murasaki_shion,4,0
2944,pinky_out,0,0
2945,subtitled,0,0
2946,medusa_(fate),4,0
2947,underwater,0,0
2948,brown_hat,0,0
2949,hand_in_panties,0,0
2950,heart_maebari,0,0
2951,jack-o'_challenge,0,0
2952,white_rose,0,0
2953,cowlick,0,0
2954,confetti,0,0
2955,loose_necktie,0,0
2956,kujou_sara,4,0
2957,long_hair_between_eyes,0,0
2958,bandaid_on_pussy,0,0
2959,underbutt,0,0
2960,ningguang_(genshin_impact),4,0
2961,ijiranaide_nagatoro-san,0,0
2962,march_7th_(honkai:_star_rail),4,0
2963,no_pupils,0,0
2964,serika_(blue_archive),4,0
2965,fatal_fury,0,0
2966,nahida_(genshin_impact),4,0
2967,plaid_bow,0,0
2968,bride,0,0
2969,rebecca_(cyberpunk),4,0
2970,d.va_(overwatch),4,0
2971,turning_head,0,0
2972,goblin,0,0
2973,kal'tsit_(arknights),4,0
2974,interface_headset,0,0
2975,:>,0,0
2976,buttjob,0,0
2977,imminent_fellatio,0,0
2978,pekomama,4,0
2979,food_on_face,0,0
2980,flower_tattoo,0,0
2981,nakano_miku,4,0
2982,bangboo_(zenless_zone_zero),0,0
2983,shimaidon_(sex),0,0
2984,husband_and_wife,0,0
2985,bokeh,0,0
2986,fur-trimmed_sleeves,0,0
2987,penis_size_difference,0,0
2988,spoken_anger_vein,0,0
2989,looking_at_phone,0,0
2990,open_shorts,0,0
2991,thigh_belt,0,0
2992,black_neckerchief,0,0
2993,hands_on_own_ass,0,0
2994,handsfree_ejaculation,0,0
2995,print_pantyhose,0,0
2996,kyuubi,0,0
2997,parasol,0,0
2998,stealth_sex,0,0
2999,sakura_miko,4,0
3000,leaf_hair_ornament,0,0
3001,lock,0,0
3002,apple,0,0
3003,mococo_abyssgard,4,0
3004,blue_lips,0,0
3005,evelyn_chevalier,4,0
3006,lolita_hairband,0,0
3007,world_witches_series,0,0
3008,zero_suit,0,0
3009,lowleg_bikini,0,0
3010,remote_control,0,0
3011,sphere_earrings,0,0
3012,spooning,0,0
3013,heart_o-ring,0,0
3014,lotion_bottle,0,0
3015,overalls,0,0
3016,animal_costume,0,0
3017,looking_afar,0,0
3018,elbow_pads,0,0
3019,evil_smile,0,0
3020,summer_uniform,0,0
3021,viewer_holding_leash,0,0
3022,white_hoodie,0,0
3023,charm_(object),0,0
3024,emblem,0,0
3025,broom,0,0
3026,japanese_armor,0,0
3027,multicolored_swimsuit,0,0
3028,small_penis,0,0
3029,bondage_outfit,0,0
3030,coffee,0,0
3031,naked_coat,0,0
3032,producer_(idolmaster),4,0
3033,whip,0,0
3034,gusset,0,0
3035,eye_mask,0,0
3036,ahri_(league_of_legends),4,0
3037,grey_sports_bra,0,0
3038,new_super_mario_bros._u_deluxe,0,0
3039,shameimaru_aya,4,0
3040,pet_play,0,0
3041,striped_necktie,0,0
3042,cabbie_hat,0,0
3043,sheep_horns,0,0
3044,armchair,0,0
3045,tiger_girl,0,0
3046,artificial_vagina,0,0
3047,projectile_lactation,0,0
3048,running,0,0
3049,minigirl,0,0
3050,purple_choker,0,0
3051,white_garter_straps,0,0
3052,blonde_pubic_hair,0,0
3053,micro_panties,0,0
3054,tail_through_clothes,0,0
3055,coffee_mug,0,0
3056,oshi_no_ko,0,0
3057,guitar,0,0
3058,sidelighting,0,0
3059,animal_ear_piercing,0,0
3060,tomoe_(symbol),0,0
3061,arms_around_neck,0,0
3062,akane_(blue_archive),4,0
3063,blue_sleeves,0,0
3064,dungeon_meshi,0,0
3065,sunflower,0,0
3066,high_school_dxd,0,0
3067,yahari_ore_no_seishun_lovecome_wa_machigatteiru.,0,0
3068,hk416_(girls'_frontline),4,0
3069,komi_shouko,4,0
3070,dark_persona,0,0
3071,mole_on_neck,0,0
3072,rabbit_hole_(vocaloid),0,0
3073,raccoon_tail,0,0
3074,red_capelet,0,0
3075,shiranui_mai,4,0
3076,white_tail,0,0
3077,bodypaint,0,0
3078,fairy_wings,0,0
3079,fork,0,0
3080,frog_hair_ornament,0,0
3081,laughing,0,0
3082,plum_blossoms,0,0
3083,unusually_open_eyes,0,0
3084,misaka_mikoto,4,0
3085,playing_games,0,0
3086,side_cutout,0,0
3087,huge_testicles,0,0
3088,red_armband,0,0
3089,caelus_(honkai:_star_rail),4,0
3090,super_crown,0,0
3091,dragon_ball_z,0,0
3092,69,0,0
3093,lying_on_person,0,0
3094,obijime,0,0
3095,shouji,0,0
3096,drill_sidelocks,0,0
3097,transparent,0,0
3098,fur-trimmed_headwear,0,0
3099,reading,0,0
3100,taut_dress,0,0
3101,through_clothes,0,0
3102,holding_pen,0,0
3103,monster_girl_encyclopedia,0,0
3104,side-by-side,0,0
3105,takao_(azur_lane),4,0
3106,black_scrunchie,0,0
3107,braided_hair_rings,0,0
3108,nontraditional_playboy_bunny,0,0
3109,4koma,0,0
3110,grey_cardigan,0,0
3111,monster_musume_no_iru_nichijou,0,0
3112,tucking_hair,0,0
3113,black_bag,0,0
3114,chinese_knot,0,0
3115,dildo_riding,0,0
3116,salute,0,0
3117,snake,0,0
3118,side_braids,0,0
3119,hair_ears,0,0
3120,pool_ladder,0,0
3121,morrigan_aensland,4,0
3122,cat_hair_ornament,0,0
3123,mole_on_stomach,0,0
3124,poster_(object),0,0
3125,stomach_cutout,0,0
3126,super_smash_bros.,0,0
3127,magic,0,0
3128,brown_dress,0,0
3129,holding_card,0,0
3130,no_eyes,0,0
3131,watermelon,0,0
3132,houshou_marine_(summer),4,0
3133,gloria_(pokemon),4,0
3134,nagatoro_hayase,4,0
3135,skirt_set,0,0
3136,undercut,0,0
3137,sakazuki,0,0
3138,trefoil,0,0
3139,flip-flops,0,0
3140,neck_tattoo,0,0
3141,hand_on_another's_stomach,0,0
3142,sideless_shirt,0,0
3143,atelier_ryza_1,0,0
3144,florence_nightingale_(fate),4,0
3145,pumps,0,0
3146,beach_chair,0,0
3147,male_underwear,0,0
3148,natsuiro_matsuri,4,0
3149,pink_necktie,0,0
3150,reference_sheet,0,0
3151,hair_lift,0,0
3152,striped_bowtie,0,0
3153,barghest_(fate),4,0
3154,hibiki_(blue_archive),4,0
3155,shoe_dangle,0,0
3156,acheron_(honkai:_star_rail),4,0
3157,blue_rose,0,0
3158,gothic_lolita,0,0
3159,male_swimwear,0,0
3160,strap_between_breasts,0,0
3161,puckered_lips,0,0
3162,caressing_testicles,0,0
3163,red_gemstone,0,0
3164,cable_knit,0,0
3165,anilingus,0,0
3166,hachimiya_meguru,4,0
3167,towel_on_head,0,0
3168,anchor_symbol,0,0
3169,cross_pasties,0,0
3170,holding_plate,0,0
3171,in_container,0,0
3172,carrot_hair_ornament,0,0
3173,guiding_hand,0,0
3174,arona_(blue_archive),4,0
3175,single_detached_sleeve,0,0
3176,black_corset,0,0
3177,milk_bottle,0,0
3178,pink_shorts,0,0
3179,shihouin_yoruichi,4,0
3180,=_=,0,0
3181,earphones,0,0
3182,fubuki_(one-punch_man),4,0
3183,dappled_sunlight,0,0
3184,nonomi_(swimsuit)_(blue_archive),4,0
3185,orange_nails,0,0
3186,;p,0,0
3187,holding_panties,0,0
3188,stuck,0,0
3189,book_stack,0,0
3190,brown_pants,0,0
3191,light,0,0
3192,sakamata_chloe_(1st_costume),4,0
3193,animal_ear_headwear,0,0
3194,aris_(blue_archive),4,0
3195,antennae,0,0
3196,open_hoodie,0,0
3197,black_suit,0,0
3198,jumping,0,0
3199,grabbing_another's_arm,0,0
3200,unworn_bikini_top,0,0
3201,penis_out,0,0
3202,sperm_cell,0,0
3203,brand_name_imitation,0,0
3204,framed_breasts,0,0
3205,la+_darknesss,4,0
3206,sleeveless_jacket,0,0
3207,clothes_grab,0,0
3208,star_sticker,0,0
3209,open_dress,0,0
3210,sleepy,0,0
3211,latex_bodysuit,0,0
3212,yumemi_riamu,4,0
3213,military_jacket,0,0
3214,shokuhou_misaki,4,0
3215,snake_hair_ornament,0,0
3216,stiletto_heels,0,0
3217,bea_(pokemon),4,0
3218,dawn_(pokemon),4,0
3219,full-package_futanari,0,0
3220,baltimore_(azur_lane),4,0
3221,fisheye,0,0
3222,turtleneck_leotard,0,0
3223,headscarf,0,0
3224,colored_inner_animal_ears,0,0
3225,fur-trimmed_capelet,0,0
3226,nakiri_ayame,4,0
3227,bouncing_ass,0,0
3228,pussy_piercing,0,0
3229,sailor_shirt,0,0
3230,through_wall,0,0
3231,flat_ass,0,0
3232,gold_hairband,0,0
3233,large_tail,0,0
3234,multiple_earrings,0,0
3235,no_pussy,0,0
3236,car_interior,0,0
3237,fairy,0,0
3238,spanking,0,0
3239,pendant_choker,0,0
3240,after_rape,0,0
3241,lube,0,0
3242,spider_web_print,0,0
3243,ubel_(sousou_no_frieren),4,0
3244,yellow_skirt,0,0
3245,accidental_exposure,0,0
3246,groin_tendon,0,0
3247,plap,0,0
3248,aqua_bikini,0,0
3249,miyu_(blue_archive),4,0
3250,pumpkin,0,0
3251,ribbed_shirt,0,0
3252,wise_(zenless_zone_zero),4,0
3253,cardboard_box,0,0
3254,green_headwear,0,0
3255,platinum_blonde_hair,0,0
3256,wand,0,0
3257,blue_scarf,0,0
3258,hand_on_another's_chin,0,0
3259,untied_panties,0,0
3260,tsubaki_(blue_archive),4,0
3261,higashiyama_kobeni,4,0
3262,artoria_pendragon_(lancer_alter)_(fate),4,0
3263,knees_apart_feet_together,0,0
3264,narmaya_(granblue_fantasy),4,0
3265,frilled_collar,0,0
3266,imminent_kiss,0,0
3267,sniper_rifle,0,0
3268,asphyxiation,0,0
3269,kaga_(kancolle),4,0
3270,pink_choker,0,0
3271,shark_hair_ornament,0,0
3272,no_halo,0,0
3273,pinafore_dress,0,0
3274,overlord_(maruyama),0,0
3275,red_hakama,0,0
3276,crotchless_pantyhose,0,0
3277,teardrop_facial_mark,0,0
3278,ijichi_nijika,4,0
3279,melusine_(fate),4,0
3280,voyeurism,0,0
3281,code_geass,0,0
3282,satou_kazuma,4,0
3283,heart_print,0,0
3284,herta_(honkai:_star_rail),4,0
3285,kashima_(kancolle),4,0
3286,crotch_rub,0,0
3287,rubber_duck,0,0
3288,teasing,0,0
3289,covering_own_eyes,0,0
3290,hooded_cloak,0,0
3291,beidou_(genshin_impact),4,0
3292,bowlegged_pose,0,0
3293,green_thighhighs,0,0
3294,white_halo,0,0
3295,ako_(dress)_(blue_archive),4,0
3296,inverted_cross,0,0
3297,naked_kimono,0,0
3298,light_areolae,0,0
3299,uwabaki,0,0
3300,yellow_neckerchief,0,0
3301,misty_(pokemon),4,0
3302,mountainous_horizon,0,0
3303,black_border,0,0
3304,holding_flower,0,0
3305,naruto_shippuuden,0,0
3306,rebuild_of_evangelion,0,0
3307,asuna_(sao),4,0
3308,fur-trimmed_dress,0,0
3309,office,0,0
3310,burger,0,0
3311,clorinde_(genshin_impact),4,0
3312,himari_(blue_archive),4,0
3313,large_insertion,0,0
3314,mudrock_(arknights),4,0
3315,pink_neckerchief,0,0
3316,champagne_flute,0,0
3317,yellow_gloves,0,0
3318,censored_nipples,0,0
3319,fighting_stance,0,0
3320,hand_on_another's_cheek,0,0
3321,hilichurl_(genshin_impact),4,0
3322,kashino_(azur_lane),4,0
3323,red-tinted_eyewear,0,0
3324,sake,0,0
3325,uneven_horns,0,0
3326,basket,0,0
3327,ranni_the_witch,4,0
3328,convenient_arm,0,0
3329,latex_gloves,0,0
3330,nipple_jewelry,0,0
3331,spread_pussy_under_clothes,0,0
3332,tennis_uniform,0,0
3333,zzz,0,0
3334,mahou_shoujo_madoka_magica_(anime),0,0
3335,waist_cape,0,0
3336,ripples,0,0
3337,plaid,0,0
3338,dandadan,0,0
3339,presenting_ass,0,0
3340,rabbit_ear_hairband,0,0
3341,resident_evil,0,0
3342,stocking_(psg),4,0
3343,colored_extremities,0,0
3344,futa_on_male,0,0
3345,may_(pokemon),4,0
3346,steam_censor,0,0
3347,armored_dress,0,0
3348,black_buruma,0,0
3349,mitsudomoe_(shape),0,0
3350,w_(arknights),4,0
3351,iono_(pokemon),4,0
3352,magatama,0,0
3353,guided_breast_grab,0,0
3354,bruise,0,0
3355,waitress,0,0
3356,brown_horns,0,0
3357,facing_another,0,0
3358,laptop,0,0
3359,microdress,0,0
3360,cammy_white,4,0
3361,kama_(fate),4,0
3362,poker_chip,0,0
3363,arm_around_waist,0,0
3364,shell,0,0
3365,you_gonna_get_raped,0,0
3366,nape,0,0
3367,sleepwear,0,0
3368,komeiji_satori,4,0
3369,santa_bikini,0,0
3370,arm_belt,0,0
3371,gold_choker,0,0
3372,purple-tinted_eyewear,0,0
3373,crowd,0,0
3374,gawr_gura_(1st_costume),4,0
3375,spoken_squiggle,0,0
3376,bronya_zaychik,4,0
3377,industrial_piercing,0,0
3378,clothed_masturbation,0,0
3379,holding_another's_arm,0,0
3380,snout,0,0
3381,low_neckline,0,0
3382,okita_souji_(fate),4,0
3383,doll,0,0
3384,red_coat,0,0
3385,xenoblade_chronicles_3,0,0
3386,orange_shirt,0,0
3387,yellow_necktie,0,0
3388,baobhan_sith_(fate),4,0
3389,pussy_juice_drip_through_clothes,0,0
3390,gold_bracelet,0,0
3391,music,0,0
3392,gym,0,0
3393,naked_bandage,0,0
3394,cropped_hoodie,0,0
3395,fur-trimmed_cape,0,0
3396,barcode_tattoo,0,0
3397,diamond-shaped_pupils,0,0
3398,happy_new_year,0,0
3399,hands_on_own_knees,0,0
3400,multiple_crossover,0,0
3401,floor,0,0
3402,palm_leaf,0,0
3403,vase,0,0
3404,cropped_sweater,0,0
3405,doki_doki_literature_club,0,0
3406,open_bra,0,0
3407,yuzuki_choco,4,0
3408,hand_on_own_arm,0,0
3409,red_sleeves,0,0
3410,shimakaze_(kancolle)_(cosplay),0,0
3411,citlali_(genshin_impact),4,0
3412,cooperative_paizuri,0,0
3413,film_grain,0,0
3414,photo_background,0,0
3415,two-tone_ribbon,0,0
3416,zhongli_(genshin_impact),4,0
3417,purple_wings,0,0
3418,black_scarf,0,0
3419,green_shorts,0,0
3420,jeanne_d'arc_(ruler)_(fate),4,0
3421,vibrator_cord,0,0
3422,holding_drink,0,0
3423,le_malin_(azur_lane),4,0
3424,puff_of_air,0,0
3425,dog_tags,0,0
3426,hands_on_another's_head,0,0
3427,impossible_leotard,0,0
3428,scabbard,0,0
3429,pokemon_oras,0,0
3430,saki_(blue_archive),4,0
3431,school,0,0
3432,aqua_necktie,0,0
3433,naruto,0,0
3434,han_juri,4,0
3435,breast_bondage,0,0
3436,pink_kimono,0,0
3437,teapot,0,0
3438,inflation,0,0
3439,kuki_shinobu,4,0
3440,yaoyorozu_momo,4,0
3441,darling_in_the_franxx,0,0
3442,enterprise_(azur_lane),4,0
3443,white_neckerchief,0,0
3444,eiyuu_densetsu,0,0
3445,iori_(swimsuit)_(blue_archive),4,0
3446,leather_jacket,0,0
3447,vibrator_under_panties,0,0
3448,blue_cardigan,0,0
3449,ereshkigal_(fate),4,0
3450,over-kneehighs,0,0
3451,pentagram,0,0
3452,amiya_(arknights),4,0
3453,bat_print,0,0
3454,implied_fellatio,0,0
3455,purple_sleeves,0,0
3456,sleeveless_kimono,0,0
3457,condom_box,0,0
3458,jougasaki_mika,4,0
3459,perspective,0,0
3460,ears_through_headwear,0,0
3461,multicolored_horns,0,0
3462,alice_margatroid,4,0
3463,looking_over_eyewear,0,0
3464,side-tie_leotard,0,0
3465,submachine_gun,0,0
3466,asymmetrical_sleeves,0,0
3467,bloomers,0,0
3468,mini_wings,0,0
3469,badge,0,0
3470,jackal_ears,0,0
3471,komeiji_koishi,4,0
3472,presenting_pussy,0,0
3473,heart-shaped_food,0,0
3474,hand_on_own_leg,0,0
3475,shirt_in_mouth,0,0
3476,sideways_mouth,0,0
3477,kazama_iroha,4,0
3478,head_fins,0,0
3479,rabbit,0,0
3480,saliva_drip,0,0
3481,ceiling_light,0,0
3482,honolulu_(azur_lane),4,0
3483,naked_sweater,0,0
3484,surtr_(arknights),4,0
3485,triangle_mouth,0,0
3486,noelle_(genshin_impact),4,0
3487,high-waist_pantyhose,0,0
3488,lamia,0,0
3489,hololive_dev_is,0,0
3490,new_jersey_(azur_lane),4,0
3491,torn_bodystocking,0,0
3492,large_hat,0,0
3493,purple_headwear,0,0
3494,bandaid_hair_ornament,0,0
3495,venti_(genshin_impact),4,0
3496,blue_socks,0,0
3497,robot_joints,0,0
3498,>:),0,0
3499,pouring_onto_self,0,0
3500,red_sailor_collar,0,0
3501,road,0,0
3502,anal_hair,0,0
3503,holding_instrument,0,0
3504,kokkoro_(princess_connect!),4,0
3505,nero_claudius_(fate/extra),4,0
3506,pencil,0,0
3507,soda_can,0,0
3508,toned_male,0,0
3509,topknot,0,0
3510,blue_coat,0,0
3511,virgin_destroyer_sweater,0,0
3512,fairy_tail,0,0
3513,cocktail_dress,0,0
3514,date_a_live,0,0
3515,ilulu_(maidragon),4,0
3516,skadi_(arknights),4,0
3517,checkered_clothes,0,0
3518,fujiwara_chika,4,0
3519,tokidoki_bosotto_roshia-go_de_dereru_tonari_no_alya-san,0,0
3520,abigail_williams_(fate),4,0
3521,hickey,0,0
3522,own_hands_clasped,0,0
3523,kissing_penis,0,0
3524,yellow_dress,0,0
3525,dark_areolae,0,0
3526,ouro_kronii_(1st_costume),4,0
3527,penis_over_eyes,0,0
3528,police_hat,0,0
3529,tsukishiro_yanagi,4,0
3530,yellow_ascot,0,0
3531,emilia_(re:zero),4,0
3532,feather_earrings,0,0
3533,holding_clipboard,0,0
3534,impossible_shirt,0,0
3535,two-sided_jacket,0,0
3536,yellow_shorts,0,0
3537,frilled_bow,0,0
3538,just_the_tip,0,0
3539,single_hair_intake,0,0
3540,dirty,0,0
3541,bow_bikini,0,0
3542,knotted_penis,0,0
3543,marvel_rivals,0,0
3544,yamada_ryo,4,0
3545,aegir_(azur_lane),4,0
3546,chick,0,0
3547,evening,0,0
3548,single_mechanical_arm,0,0
3549,yurucamp,0,0
3550,saigyouji_yuyuko,4,0
3551,water_gun,0,0
3552,bear_ears,0,0
3553,blue_butterfly,0,0
3554,grey_pantyhose,0,0
3555,rapi_(nikke),4,0
3556,vertical-striped_shirt,0,0
3557,hand_on_another's_chest,0,0
3558,negligee,0,0
3559,open_vest,0,0
3560,sailor_dress,0,0
3561,sports_bikini,0,0
3562,w_arms,0,0
3563,blue_vest,0,0
3564,eimi_(blue_archive),4,0
3565,haruna_(blue_archive),4,0
3566,shigure_(kancolle),4,0
3567,sweaty_clothes,0,0
3568,arthropod_girl,0,0
3569,single_sleeve,0,0
3570,air_bubble,0,0
3571,blue_eyeshadow,0,0
3572,corruption,0,0
3573,fingering_through_clothes,0,0
3574,green_hat,0,0
3575,paintbrush,0,0
3576,heart-shaped_pillow,0,0
3577,red_one-piece_swimsuit,0,0
3578,stationary_restraints,0,0
3579,two-tone_leotard,0,0
3580,fubuki_(kancolle),4,0
3581,green_necktie,0,0
3582,pince-nez,0,0
3583,yakumo_ran,4,0
3584,artoria_pendragon_(swimsuit_ruler)_(fate),4,0
3585,green_bowtie,0,0
3586,fire_emblem_engage,0,0
3587,uruha_rushia,4,0
3588,bandaid_on_knee,0,0
3589,danganronpa_(series),0,0
3590,holding_controller,0,0
3591,scene_reference,0,0
3592,street_fighter_v,0,0
3593,ass_cutout,0,0
3594,black_capelet,0,0
3595,blood_on_clothes,0,0
3596,blue_pantyhose,0,0
3597,dragon_wings,0,0
3598,mysterious_heroine_xx_(fate),4,0
3599,peeking,0,0
3600,runny_makeup,0,0
3601,blue_pupils,0,0
3602,cocktail_glass,0,0
3603,teardrop,0,0
3604,bit_gag,0,0
3605,yellow_bowtie,0,0
3606,bremerton_(scorching-hot_training)_(azur_lane),4,0
3607,heart-shaped_chocolate,0,0
3608,hibiki_(cheer_squad)_(blue_archive),4,0
3609,lace-up_boots,0,0
3610,hifumi_(blue_archive),4,0
3611,old_school_swimsuit,0,0
3612,chewing_gum,0,0
3613,roxy_migurdia,4,0
3614,leg_hold,0,0
3615,oil-paper_umbrella,0,0
3616,pirate_hat,0,0
3617,trash_can,0,0
3618,head_between_breasts,0,0
3619,looking_at_mirror,0,0
3620,over_shoulder,0,0
3621,grey_footwear,0,0
3622,medusa_(rider)_(fate),4,0
3623,tail_wrap,0,0
3624,k-on!,0,0
3625,hand_in_another's_hair,0,0
3626,rectangular_eyewear,0,0
3627,orc,0,0
3628,prosthetic_arm,0,0
3629,tacet_mark_(wuthering_waves),0,0
3630,navia_(genshin_impact),4,0
3631,clothes_down,0,0
3632,moe_(blue_archive),4,0
3633,porkpie_hat,0,0
3634,sex_machine,0,0
3635,bone_hair_ornament,0,0
3636,idol,0,0
3637,melonbooks,0,0
3638,teen_titans,0,0
3639,camouflage,0,0
3640,girls'_frontline_2:_exilium,0,0
3641,drop-shaped_pupils,0,0
3642,heart_collar,0,0
3643,kikyou_(blue_archive),4,0
3644,bowsette,4,0
3645,hyuuga_hinata,4,0
3646,raiden_mei,4,0
3647,green_pants,0,0
3648,partially_colored,0,0
3649,winter_uniform,0,0
3650,yamato_(kancolle),4,0
3651,detached_wings,0,0
3652,goblin_slayer!,0,0
3653,window_blinds,0,0
3654,hat_feather,0,0
3655,lucy_(cyberpunk),4,0
3656,little_witch_academia,0,0
3657,greaves,0,0
3658,molestation,0,0
3659,parted_hair,0,0
3660,pokemon_(classic_anime),0,0
3661,saber_alter,4,0
3662,yellow_horns,0,0
3663,blowing_bubbles,0,0
3664,d:,0,0
3665,holding_camera,0,0
3666,baseball_bat,0,0
3667,clitoris_piercing,0,0
3668,frilled_pillow,0,0
3669,holding_paper,0,0
3670,idolmaster_cinderella_girls_starlight_stage,0,0
3671,petticoat,0,0
3672,shirase_sakuya,4,0
3673,banknote,0,0
3674,creature,0,0
3675,crotch_cutout,0,0
3676,grey_bra,0,0
3677,single_fingerless_glove,0,0
3678,tail_ribbon,0,0
3679,anal_fluid,0,0
3680,pointy_breasts,0,0
3681,tail_censor,0,0
3682,hands_on_own_thighs,0,0
3683,hooded_coat,0,0
3684,tentacle_pit,0,0
3685,trigger_discipline,0,0
3686,hiroi_kikuri,4,0
3687,striped_dress,0,0
3688,broken,0,0
3689,stained_panties,0,0
3690,anchor_hair_ornament,0,0
3691,kiana_kaslana,4,0
3692,armpit_hair,0,0
3693,cirno,4,0
3694,dark,0,0
3695,balloon,0,0
3696,black_headband,0,0
3697,business_suit,0,0
3698,mustache,0,0
3699,vertical-striped_thighhighs,0,0
3700,fishnet_top,0,0
3701,holding_mask,0,0
3702,iowa_(kancolle),4,0
3703,purple_bodysuit,0,0
3704,spill,0,0
3705,holding_sex_toy,0,0
3706,uzaki_tsuki,4,0
3707,floral_background,0,0
3708,spread_arms,0,0
3709,yellow_sclera,0,0
3710,hong_meiling,4,0
3711,horse,0,0
3712,smoking_pipe,0,0
3713,bow_(weapon),0,0
3714,claw_ring,0,0
3715,:|,0,0
3716,scar_on_arm,0,0
3717,single_hair_ring,0,0
3718,lap_pillow,0,0
3719,star_halo,0,0
3720,holding_bouquet,0,0
3721,holding_microphone,0,0
3722,bird_wings,0,0
3723,colored_nipples,0,0
3724,holding_popsicle,0,0
3725,twilight_(spy_x_family),4,0
3726,v_over_eye,0,0
3727,weiss_schnee,4,0
3728,broken_halo,0,0
3729,imaizumi_kagerou,4,0
3730,loose_hair_strand,0,0
3731,selfcest,0,0
3732,watercraft,0,0
3733,back_focus,0,0
3734,leg_warmers,0,0
3735,miyu_edelfelt,4,0
3736,open_hand,0,0
3737,pink_cardigan,0,0
3738,shibuya_rin,4,0
3739,neck_tassel,0,0
3740,cum_in_clothes,0,0
3741,dragon_quest,0,0
3742,hand_on_another's_back,0,0
3743,suzumiya_haruhi_no_yuuutsu,0,0
3744,weapon_on_back,0,0
3745,carrying_person,0,0
3746,cat_ear_headphones,0,0
3747,cat_paws,0,0
3748,lusamine_(pokemon),4,0
3749,rigging,0,0
3750,white_cardigan,0,0
3751,lactation_through_clothes,0,0
3752,pigeon-toed,0,0
3753,sonia_(pokemon),4,0
3754,akagi_(azur_lane),4,0
3755,masturbation_through_clothes,0,0
3756,nico_robin,4,0
3757,bridget_(guilty_gear),4,0
3758,tail_piercing,0,0
3759,hand_on_another's_waist,0,0
3760,kicking,0,0
3761,nitocris_(fate),4,0
3762,off-shoulder_bikini,0,0
3763,uzaki_hana,4,0
3764,single_off_shoulder,0,0
3765,string,0,0
3766,takane_lui,4,0
3767,chocolate_on_body,0,0
3768,mash_kyrielight_(dangerous_beast),4,0
3769,no_legwear,0,0
3770,vibrator_in_thighhighs,0,0
3771,avatar_legends,0,0
3772,costume_switch,0,0
3773,dungeon_and_fighter,0,0
3774,elegg_(nikke),4,0
3775,brazilian_miku,4,0
3776,rose_petals,0,0
3777,sagisawa_fumika,4,0
3778,cowboy_hat,0,0
3779,head_wreath,0,0
3780,jacket_around_waist,0,0
3781,rosalina,4,0
3782,axe,0,0
3783,blue_capelet,0,0
3784,colored_tongue,0,0
3785,dark_magician_girl,4,0
3786,\||/,0,0
3787,domino_mask,0,0
3788,kanroji_mitsuri,4,0
3789,stitches,0,0
3790,ashido_mina,4,0
3791,face_to_breasts,0,0
3792,jirai_kei,0,0
3793,leaf_on_head,0,0
3794,star_necklace,0,0
3795,white_scrunchie,0,0
3796,bakemonogatari,0,0
3797,blazblue,0,0
3798,miyamoto_musashi_(swimsuit_berserker)_(fate),4,0
3799,white-framed_eyewear,0,0
3800,middle_finger,0,0
3801,wrist_ribbon,0,0
3802,artificial_eye,0,0
3803,breast_milk,0,0
3804,happy_birthday,0,0
3805,obiage,0,0
3806,android_18,4,0
3807,old,0,0
3808,purah,4,0
3809,ringlets,0,0
3810,shingeki_no_kyojin,0,0
3811,squirrel_ears,0,0
3812,wooden_wall,0,0
3813,aran_sweater,0,0
3814,o_o,0,0
3815,torn_leotard,0,0
3816,uneven_eyes,0,0
3817,asui_tsuyu,4,0
3818,bat_(animal),0,0
3819,kuwayama_chiyuki,4,0
3820,thigh_pouch,0,0
3821,kaenbyou_rin,4,0
3822,reiuji_utsuho,4,0
3823,slime_girl,0,0
3824,oversized_shirt,0,0
3825,thick_lips,0,0
3826,+++,0,0
3827,one-eyed,0,0
3828,sunscreen,0,0
3829,testicle_sucking,0,0
3830,kayoko_(dress)_(blue_archive),4,0
3831,pendulum,0,0
3832,retro_artstyle,0,0
3833,satin,0,0
3834,stuffed_rabbit,0,0
3835,bleach:_sennen_kessen-hen,0,0
3836,breast_slip,0,0
3837,cherry,0,0
3838,scar_on_stomach,0,0
3839,vertical_stripes,0,0
3840,kanna_(swimsuit)_(blue_archive),4,0
3841,under_table,0,0
3842,between_thighs,0,0
3843,chest_belt,0,0
3844,cum_on_self,0,0
3845,sake_bottle,0,0
3846,sideless_kimono,0,0
3847,yellow_pupils,0,0
3848,brown_headwear,0,0
3849,cum_in_container,0,0
3850,holding_swim_ring,0,0
3851,black_slingshot_swimsuit,0,0
3852,red_vest,0,0
3853,sink,0,0
3854,updo,0,0
3855,kirigaya_suguha,4,0
3856,shinomiya_kaguya,4,0
3857,holding_another's_leg,0,0
3858,red_sash,0,0
3859,iroha_(blue_archive),4,0
3860,jeanne_d'arc_alter_(swimsuit_berserker)_(fate),4,0
3861,unicorn_(azur_lane),4,0
3862,autumn_leaves,0,0
3863,electric_fan,0,0
3864,lappland_(arknights),4,0
3865,ayanami_rei,4,0
3866,planted,0,0
3867,pointing_at_viewer,0,0
3868,princess_carry,0,0
3869,riding_crop,0,0
3870,folded_fan,0,0
3871,meltryllis_(fate),4,0
3872,poking,0,0
3873,tengen_toppa_gurren_lagann,0,0
3874,no_nipples,0,0
3875,reference_inset,0,0
3876,ruby_rose,4,0
3877,two-tone_fur,0,0
3878,white_headdress,0,0
3879,guided_penetration,0,0
3880,hoshino_(swimsuit)_(blue_archive),4,0
3881,musashi_(kancolle),4,0
3882,aqua_background,0,0
3883,artoria_caster_(fate),4,0
3884,cat_ear_panties,0,0
3885,feather-trimmed_sleeves,0,0
3886,fur,0,0
3887,amputee,0,0
3888,blue_ascot,0,0
3889,eris_greyrat,4,0
3890,fur-trimmed_legwear,0,0
3891,hoodie_lift,0,0
3892,leash_pull,0,0
3893,musashi_(azur_lane),4,0
3894,pink_hat,0,0
3895,skirt_around_one_leg,0,0
3896,tape_gag,0,0
3897,bustier,0,0
3898,aircraft,0,0
3899,ch'en_(arknights),4,0
3900,kaga_(azur_lane),4,0
3901,kiryuuin_satsuki,4,0
3902,no_nose,0,0
3903,penis_on_ass,0,0
3904,purple_rose,0,0
3905,waterfall,0,0
3906,geta,0,0
3907,hair_on_horn,0,0
3908,holding_fruit,0,0
3909,squirrel_girl,0,0
3910,swim_trunks,0,0
3911,bonnet,0,0
3912,breast_cutout,0,0
3913,curtain_grab,0,0
3914,clothes_hanger,0,0
3915,rosaria_(genshin_impact),4,0
3916,skirt_suit,0,0
3917,ayanami_(azur_lane),4,0
3918,clothes_between_breasts,0,0
3919,satsuki_(blue_archive),4,0
3920,arabian_clothes,0,0
3921,shiori_novella_(1st_costume),4,0
3922,thong_aside,0,0
3923,crab,0,0
3924,multi-strapped_panties,0,0
3925,ranguage,0,0
3926,green_leotard,0,0
3927,pokemon_sm_(anime),0,0
3928,wagashi,0,0
3929,anchor,0,0
3930,anya_(spy_x_family),4,0
3931,pink_eyeshadow,0,0
3932,randoseru,0,0
3933,shopping_bag,0,0
3934,skyscraper,0,0
3935,aqua_panties,0,0
3936,bow_earrings,0,0
3937,implacable_(azur_lane),4,0
3938,inoue_orihime,4,0
3939,hands_on_own_breasts,0,0
3940,twirling_hair,0,0
3941,pink_legwear,0,0
3942,marcille_donato,4,0
3943,pink_scrunchie,0,0
3944,sailor_hat,0,0
3945,electric_guitar,0,0
3946,eromanga_sensei,0,0
3947,tea,0,0
3948,bb_(swimsuit_mooncancer)_(fate),4,0
3949,crescent_hair_ornament,0,0
3950,dorsiflexion,0,0
3951,holding_spoon,0,0
3952,miyako_(swimsuit)_(blue_archive),4,0
3953,red_pants,0,0
3954,sheikah,0,0
3955,padlock,0,0
3956,polka_dot_bikini,0,0
3957,sleeves_past_elbows,0,0
3958,tilted_headwear,0,0
3959,arm_ribbon,0,0
3960,grabbing,0,0
3961,impossible_dress,0,0
3962,mari_(track)_(blue_archive),4,0
3963,ass_shake,0,0
3964,half-spread_pussy,0,0
3965,koyanskaya_(fate),4,0
3966,carpet,0,0
3967,clone,0,0
3968,yellow_fur,0,0
3969,expressions,0,0
3970,izuna_(swimsuit)_(blue_archive),4,0
3971,neru_(bunny)_(blue_archive),4,0
3972,orange-tinted_eyewear,0,0
3973,persona_4,0,0
3974,character_hair_ornament,0,0
3975,dragon,0,0
3976,dungeons_&_dragons,0,0
3977,spice_and_wolf,0,0
3978,cracked_skin,0,0
3979,dominatrix,0,0
3980,gym_storeroom,0,0
3981,grace_howard,4,0
3982,hoshimachi_suisei_(1st_costume),4,0
3983,perpendicular_paizuri,0,0
3984,sack,0,0
3985,santa_dress,0,0
3986,white_ascot,0,0
3987,akai_haato,4,0
3988,blue_sports_bra,0,0
3989,imagining,0,0
3990,partially_underwater_shot,0,0
3991,pillar,0,0
3992,unworn_mask,0,0
3993,ushiwakamaru_(fate),4,0
3994,yellow_sweater,0,0
3995,squirrel_tail,0,0
3996,ear_ornament,0,0
3997,hand_on_another's_arm,0,0
3998,cum_in_nose,0,0
3999,frontless_outfit,0,0
4000,holo,4,0
4001,jiangshi,0,0
4002,shuuchiin_academy_school_uniform,0,0
4003,undressing_another,0,0
4004,fake_phone_screenshot,0,0
4005,hair_through_headwear,0,0
4006,raora_panthera,4,0
4007,tokkuri,0,0
4008,black_ascot,0,0
4009,flying,0,0
4010,multicolored_dress,0,0
4011,tented_shirt,0,0
4012,to_love-ru_darkness,0,0
4013,zara_(azur_lane),4,0
4014,commander_(nikke),4,0
4015,mahou_shoujo_ni_akogarete,0,0
4016,watanabe_you,4,0
4017,bandaid_on_nose,0,0
4018,gold_chain,0,0
4019,lipstick_mark_on_penis,0,0
4020,pencil_dress,0,0
4021,raven_(dc),4,0
4022,snowflake_hair_ornament,0,0
4023,undershirt,0,0
4024,drill_ponytail,0,0
4025,old_man,0,0
4026,strapless_bra,0,0
4027,tight_dress,0,0
4028,toe_ring,0,0
4029,mummy_costume,0,0
4030,onii-chan_wa_oshimai!,0,0
4031,slime_(genshin_impact),4,0
4032,star_choker,0,0
4033,blank_eyes,0,0
4034,mechanical_eye,0,0
4035,throne,0,0
4036,twincest,0,0
4037,akane_(bunny)_(blue_archive),4,0
4038,luciana_de_montefio,4,0
4039,takodachi_(ninomae_ina'nis),4,0
4040,black_cloak,0,0
4041,crack,0,0
4042,laurel_crown,0,0
4043,multiple_persona,0,0
4044,polka_dot_background,0,0
4045,purple_necktie,0,0
4046,wakamo_(swimsuit)_(blue_archive),4,0
4047,warcraft,0,0
4048,floating_object,0,0
4049,holding_syringe,0,0
4050,see-through_skirt,0,0
4051,corrin_(fire_emblem),4,0
4052,coattails,0,0
4053,cover_image,0,0
4054,licking_finger,0,0
4055,multicolored_background,0,0
4056,riding,0,0
4057,hestia_(danmachi),4,0
4058,goggles_around_neck,0,0
4059,livestream,0,0
4060,orange_kimono,0,0
4061,tsunade_(naruto),4,0
4062,dido_(azur_lane),4,0
4063,food_print,0,0
4064,forehead_protector,0,0
4065,linked_piercing,0,0
4066,opened_by_self,0,0
4067,sports_bra_lift,0,0
4068,arched_bangs,0,0
4069,gold_necklace,0,0
4070,tail_grab,0,0
4071,ugly_man,0,0
4072,miorine_rembran,4,0
4073,nia_(xenoblade),4,0
4074,plantar_flexion,0,0
4075,lucina_(fire_emblem),4,0
4076,surfboard,0,0
4077,kanojo_okarishimasu,0,0
4078,sakurako_(blue_archive),4,0
4079,ship_turret,0,0
4080,stained_sheets,0,0
4081,justice_task_force_member_(blue_archive),4,0
4082,layered_skirt,0,0
4083,striped_jacket,0,0
4084,counter,0,0
4085,purple_gemstone,0,0
4086,bread,0,0
4087,grey_coat,0,0
4088,denji_(chainsaw_man),4,0
4089,striped_bra,0,0
4090,topaz_(honkai:_star_rail),4,0
4091,pink-tinted_eyewear,0,0
4092,winter_clothes,0,0
4093,yellow_bra,0,0
4094,chaldea_uniform,0,0
4095,on_bench,0,0
4096,akari_(pokemon),4,0
4097,djeeta_(granblue_fantasy),4,0
4098,milking_machine,0,0
4099,red_belt,0,0
4100,ankle_cuffs,0,0
4101,cooking,0,0
4102,mermaid,0,0
4103,track_pants,0,0
4104,hands_on_ass,0,0
4105,hayasaka_ai,4,0
4106,layered_sleeves,0,0
4107,metal_hairband,0,0
4108,scissors,0,0
4109,string_bra,0,0
4110,hinanawi_tenshi,4,0
4111,inflatable_toy,0,0
4112,side_up_bun,0,0
4113,genderswap_(ftm),0,0
4114,ring_hair_ornament,0,0
4115,suletta_mercury,4,0
4116,bat_hair_ornament,0,0
4117,gokkun,0,0
4118,orange_scrunchie,0,0
4119,shantae_(series),0,0
4120,upturned_eyes,0,0
4121,cum_on_legwear,0,0
4122,doughnut,0,0
4123,heart-shaped_box,0,0
4124,leaning,0,0
4125,st._louis_(luxurious_wheels)_(azur_lane),4,0
4126,gran_(granblue_fantasy),4,0
4127,pink_bodysuit,0,0
4128,seagull,0,0
4129,single_kneehigh,0,0
4130,blue_pubic_hair,0,0
4131,engrish_text,0,0
4132,hair_horns,0,0
4133,handsfree_paizuri,0,0
4134,onee-loli,0,0
4135,print_bra,0,0
4136,shijou_takane,4,0
4137,snowflakes,0,0
4138,tsukihime,0,0
4139,egg,0,0
4140,green_footwear,0,0
4141,tsurugi_(blue_archive),4,0
4142,zero_two_(darling_in_the_franxx),4,0
4143,holding_another's_hair,0,0
4144,persona_3,0,0
4145,purple_eyeshadow,0,0
4146,shirt_tug,0,0
4147,4-finger_heart_hands,0,0
4148,blunt_tresses,0,0
4149,frottage,0,0
4150,midoriya_izuku,4,0
4151,notebook,0,0
4152,nursing_handjob,0,0
4153,black_sash,0,0
4154,breasts_on_table,0,0
4155,looking_at_object,0,0
4156,pearl_earrings,0,0
4157,getsuyoubi_no_tawawa,0,0
4158,momoi_(blue_archive),4,0
4159,tojo_nozomi,4,0
4160,wing_hair_ornament,0,0
4161,brown_tail,0,0
4162,mcdonald's,0,0
4163,peeing_self,0,0
4164,playing_with_own_hair,0,0
4165,takamaki_anne,4,0
4166,winter,0,0
4167,yoko_littner,4,0
4168,black_cat,0,0
4169,hair_slicked_back,0,0
4170,lace_choker,0,0
4171,grey_bikini,0,0
4172,battery_indicator,0,0
4173,merry_christmas,0,0
4174,nose_piercing,0,0
4175,black_leggings,0,0
4176,black_swan_(honkai:_star_rail),4,0
4177,bolt_action,0,0
4178,forked_eyebrows,0,0
4179,triangle,0,0
4180,fewer_digits,0,0
4181,motorcycle,0,0
4182,space,0,0
4183,used_condom_on_penis,0,0
4184,astra_yao,4,0
4185,brown_fur,0,0
4186,choko_(cup),0,0
4187,ump45_(girls'_frontline),4,0
4188,yellow_cardigan,0,0
4189,elysia_(honkai_impact),4,0
4190,lynette_(genshin_impact),4,0
4191,snot,0,0
4192,weapon_over_shoulder,0,0
4193,white_bowtie,0,0
4194,scythe,0,0
4195,aiming,0,0
4196,suitcase,0,0
4197,white_garter_belt,0,0
4198,bikini_bottom_pull,0,0
4199,humanization,0,0
4200,striped_skirt,0,0
4201,torii,0,0
4202,torn_skirt,0,0
4203,ayase_momo,4,0
4204,inkling,0,0
4205,ak-12_(girls'_frontline),4,0
4206,blue_collar,0,0
4207,blue_fire,0,0
4208,emotionless_sex,0,0
4209,face_in_pillow,0,0
4210,public_use,0,0
4211,seia_(blue_archive),4,0
4212,spoken_musical_note,0,0
4213,sweatband,0,0
4214,viera,0,0
4215,dog_penis,0,0
4216,nakano_itsuki,4,0
4217,saucer,0,0
4218,hands_on_another's_thighs,0,0
4219,ladle,0,0
4220,leonardo_da_vinci_(fate),4,0
4221,fake_nails,0,0
4222,hikari_(blue_archive),4,0
4223,ore_no_imouto_ga_konna_ni_kawaii_wake_ga_nai,0,0
4224,pink_collar,0,0
4225,suzumiya_haruhi,4,0
4226,uvula,0,0
4227,wizard_hat,0,0
4228,gochuumon_wa_usagi_desu_ka?,0,0
4229,grey_hat,0,0
4230,jack_the_ripper_(fate/apocrypha),4,0
4231,kirara_(blue_archive),4,0
4232,loose_bowtie,0,0
4233,mother_and_son,0,0
4234,qingyi_(zenless_zone_zero),4,0
4235,zombie,0,0
4236,belly_grab,0,0
4237,coif,0,0
4238,leaning_on_object,0,0
4239,xianyun_(genshin_impact),4,0
4240,blue_wings,0,0
4241,cake_slice,0,0
4242,glory_wall,0,0
4243,stark_(sousou_no_frieren),4,0
4244,;q,0,0
4245,exusiai_(arknights),4,0
4246,ram_(re:zero),4,0
4247,amagami,0,0
4248,disgust,0,0
4249,latex_legwear,0,0
4250,nishikino_maki,4,0
4251,open_pants,0,0
4252,hakama_short_skirt,0,0
4253,hands_on_own_cheeks,0,0
4254,satin_panties,0,0
4255,sparkle_print,0,0
4256,undersized_breast_cup,0,0
4257,alien,0,0
4258,hoshikawa_sara,4,0
4259,inset,0,0
4260,ninomae_ina'nis_(1st_costume),4,0
4261,open_skirt,0,0
4262,panther_ears,0,0
4263,sitting_on_throne,0,0
4264,bird_mask,0,0
4265,bishoujo_senshi_sailor_moon,0,0
4266,presenting_breasts,0,0
4267,waves,0,0
4268,bandaged_hand,0,0
4269,feather_hair,0,0
4270,hair_beads,0,0
4271,osaki_amana,4,0
4272,red_headband,0,0
4273,grey_kimono,0,0
4274,hands_on_another's_hips,0,0
4275,nekomata,0,0
4276,scathach_skadi_(fate),4,0
4277,white_eyelashes,0,0
4278,chest_strap,0,0
4279,covered_penis,0,0
4280,darjeeling_(girls_und_panzer),4,0
4281,holding_game_controller,0,0
4282,horn_grab,0,0
4283,red_pantyhose,0,0
4284,orange_skirt,0,0
4285,black_shoes,0,0
4286,cosmetics,0,0
4287,ribbon_bondage,0,0
4288,mechanical_tail,0,0
4289,skyla_(pokemon),4,0
4290,vines,0,0
4291,cum_inflation,0,0
4292,extra_eyes,0,0
4293,elsword,0,0
4294,grey_legwear,0,0
4295,striped_horns,0,0
4296,wife_and_wife,0,0
4297,pink_rose,0,0
4298,yang_xiao_long,4,0
4299,aura,0,0
4300,bamboo,0,0
4301,breasts_on_head,0,0
4302,collared_jacket,0,0
4303,faulds,0,0
4304,stethoscope,0,0
4305,explosive,0,0
4306,huge_dildo,0,0
4307,konpaku_youmu_(ghost),4,0
4308,mole_under_each_eye,0,0
4309,user_interface,0,0
4310,crescent_hat_ornament,0,0
4311,holding_shoes,0,0
4312,okobo,0,0
4313,star_facial_mark,0,0
4314,world_of_warcraft,0,0
4315,caesar_king_(zenless_zone_zero),4,0
4316,lapels,0,0
4317,mallow_(pokemon),4,0
4318,pavolia_reine,4,0
4319,phallic_symbol,0,0
4320,polka_dot_bow,0,0
4321,bubble_tea,0,0
4322,kimono_pull,0,0
4323,panther_girl,0,0
4324,uneven_gloves,0,0
4325,viper_(nikke),4,0
4326,hand_on_another's_leg,0,0
4327,nakano_ichika,4,0
4328,serika_(swimsuit)_(blue_archive),4,0
4329,spoken_character,0,0
4330,v-neck,0,0
4331,albino,0,0
4332,fake_antlers,0,0
4333,glowing_tattoo,0,0
4334,usada_pekora_(1st_costume),4,0
4335,in_box,0,0
4336,stripper,0,0
4337,tartaglia_(genshin_impact),4,0
4338,consensual_tentacles,0,0
4339,on_head,0,0
4340,pizza,0,0
4341,adjusting_headwear,0,0
4342,aiguillette,0,0
4343,glowing_eye,0,0
4344,layered_dress,0,0
4345,sheep_girl,0,0
4346,father_and_daughter,0,0
4347,hand_on_another's_neck,0,0
4348,mercy_(overwatch),4,0
4349,octoling,0,0
4350,shorts_under_skirt,0,0
4351,broken_horn,0,0
4352,computer_mouse,0,0
4353,library,0,0
4354,ok_sign,0,0
4355,scenery,0,0
4356,wet_towel,0,0
4357,yunyun_(konosuba),4,0
4358,blue_belt,0,0
4359,project_moon,0,0
4360,reverse_fellatio,0,0
4361,watson_cross,0,0
4362,azusa_(blue_archive),4,0
4363,ice_cream_cone,0,0
4364,idolmaster_million_live!_theater_days,0,0
4365,midori_(blue_archive),4,0
4366,sideless_dress,0,0
4367,holding_dagger,0,0
4368,horizontal-striped_thighhighs,0,0
4369,pillarboxed,0,0
4370,shantae,4,0
4371,arm_around_neck,0,0
4372,open_collar,0,0
4373,green_gemstone,0,0
4374,hair_in_own_mouth,0,0
4375,key_necklace,0,0
4376,looking_at_breasts,0,0
4377,the_herta_(honkai:_star_rail),4,0
4378,bandaid_on_arm,0,0
4379,chips_(food),0,0
4380,kabedon,0,0
4381,love_live!_superstar!!,0,0
4382,pink_scarf,0,0
4383,racket,0,0
4384,track_suit,0,0
4385,usekh_collar,0,0
4386,wa2000_(girls'_frontline),4,0
4387,window_shadow,0,0
4388,yellow_footwear,0,0
4389,anal_only,0,0
4390,arm_between_breasts,0,0
4391,jingliu_(honkai:_star_rail),4,0
4392,lineup,0,0
4393,mavuika_(genshin_impact),4,0
4394,ankle_grab,0,0
4395,artoria_pendragon_(swimsuit_ruler)_(first_ascension)_(fate),4,0
4396,brown_leotard,0,0
4397,dark_halo,0,0
4398,halftone,0,0
4399,arrow_(projectile),0,0
4400,cutout_above_navel,0,0
4401,fishnet_gloves,0,0
4402,hibiki_(kancolle),4,0
4403,jumpsuit,0,0
4404,machinery,0,0
4405,mecha,0,0
4406,naked_cape,0,0
4407,sonoda_chiyoko,4,0
4408,tall,0,0
4409,abyssal_ship,0,0
4410,saren_(princess_connect!),4,0
4411,tweaking_own_nipple,0,0
4412,yamato_(one_piece),4,0
4413,roswaal_mansion_maid_uniform,0,0
4414,silk,0,0
4415,alley,0,0
4416,pokemon_frlg,0,0
4417,serena_(pokemon),4,0
4418,tingyun_(honkai:_star_rail),4,0
4419,bronya_zaychik_(silverwing:_n-ex),4,0
4420,naked_sheet,0,0
4421,nemona_(pokemon),4,0
4422,robin_(honkai:_star_rail),4,0
4423,upshirt,0,0
4424,multiple_piercings,0,0
4425,precum_drip,0,0
4426,suction_cups,0,0
4427,amatsukaze_(kancolle),4,0
4428,senketsu,4,0
4429,chocolate_on_breasts,0,0
4430,guilty_gear_xrd,0,0
4431,kugisaki_nobara,4,0
4432,licking_armpit,0,0
4433,white_pubic_hair,0,0
4434,suzuya_(kancolle),4,0
4435,tate_no_yuusha_no_nariagari,0,0
4436,owari_(azur_lane),4,0
4437,unworn_socks,0,0
4438,wooden_bucket,0,0
4439,kazami_yuuka,4,0
4440,nipple_clamps,0,0
4441,ribbed_sleeves,0,0
4442,sakuragi_mano,4,0
4443,tekken,0,0
4444,tokisaki_mio_(niliu_chahui),4,0
4445,aerith_gainsborough,4,0
4446,amesuku_gyaru,0,0
4447,mole_on_arm,0,0
4448,nozomi_(blue_archive),4,0
4449,pearl_thong,0,0
4450,pink_theme,0,0
4451,purple_shorts,0,0
4452,legs_over_head,0,0
4453,opening_door,0,0
4454,over-rim_eyewear,0,0
4455,shorts_around_one_leg,0,0
4456,spider-verse,0,0
4457,translucent_bunnysuit,0,0
4458,hammer,0,0
4459,hibike!_euphonium,0,0
4460,looking_through_own_legs,0,0
4461,x-men,0,0
4462,monocle,0,0
4463,pokemon_masters_ex,0,0
4464,side-tie_peek,0,0
4465,volleyball,0,0
4466,aviator_sunglasses,0,0
4467,futanari_pov,0,0
4468,mole_on_pussy,0,0
4469,anis_(sparkling_summer)_(nikke),4,0
4470,azki_(hololive),4,0
4471,lamppost,0,0
4472,strapless_shirt,0,0
4473,unworn_boots,0,0
4474,yanfei_(genshin_impact),4,0
4475,fox,0,0
4476,toothbrush,0,0
4477,triangular_headpiece,0,0
4478,hado_nejire,4,0
4479,red_socks,0,0
4480,covered_penetration,0,0
4481,kochou_shinobu,4,0
4482,pink_tail,0,0
4483,triple_penetration,0,0
4484,va-11_hall-a,0,0
4485,jiro_kyoka,4,0
4486,like_and_retweet,0,0
4487,omaru_polka,4,0
4488,snake_tail,0,0
4489,tail_around_own_leg,0,0
4490,dongtan_dress,0,0
4491,doughnut_hair_bun,0,0
4492,goat_girl,0,0
4493,koseki_bijou,4,0
4494,peeking_out,0,0
4495,reindeer_antlers,0,0
4496,skull_earrings,0,0
4497,striped_ribbon,0,0
4498,triangle_hair_ornament,0,0
4499,tsundere,0,0
4500,collage,0,0
4501,hand_over_own_mouth,0,0
4502,kid_icarus,0,0
4503,skullgirls,0,0
4504,spiked_choker,0,0
4505,tsushima_yoshiko,4,0
4506,dango,0,0
4507,goat_ears,0,0
4508,kay_(girls_und_panzer),4,0
4509,pokemon_hgss,0,0
4510,strike_witches,0,0
4511,edelgard_von_hresvelg,4,0
4512,holding_legs,0,0
4513,holding_tablet_pc,0,0
4514,latin_cross,0,0
4515,le_malin_(listless_lapin)_(azur_lane),4,0
4516,utage_(arknights),4,0
4517,caenis_(fate),4,0
4518,jaggy_lines,0,0
4519,orange_hairband,0,0
4520,shiny,0,0
4521,no_socks,0,0
4522,paper_lantern,0,0
4523,sleep_mask,0,0
4524,green_sweater,0,0
4525,hand_on_glass,0,0
4526,koakuma,4,0
4527,shigure_kai_ni_(kancolle),4,0
4528,shotgun,0,0
4529,black_rose,0,0
4530,diagonal-striped_clothes,0,0
4531,implied_fingering,0,0
4532,miyamoto_musashi_(swimsuit_berserker)_(second_ascension)_(fate),4,0
4533,penises_touching,0,0
4534,daiwa_scarlet_(umamusume),4,0
4535,loose_clothes,0,0
4536,multiple_bracelets,0,0
4537,pink_headwear,0,0
4538,white_robe,0,0
4539,animal_crossing,0,0
4540,silver_dress,0,0
4541,when_you_see_it,0,0
4542,blue_legwear,0,0
4543,frilled_leotard,0,0
4544,sangvis_ferri,0,0
4545,eyewear_on_headwear,0,0
4546,hakui_koyori_(1st_costume),4,0
4547,himeko_(honkai:_star_rail),4,0
4548,nerissa_ravencroft_(1st_costume),4,0
4549,puddle,0,0
4550,tissue,0,0
4551,katsuragi_misato,4,0
4552,leaf_print,0,0
4553,rias_gremory,4,0
4554,wing_ornament,0,0
4555,star_pasties,0,0
4556,the_legend_of_zelda:_twilight_princess,0,0
4557,fur_hat,0,0
4558,licking_foot,0,0
4559,prinz_eugen_(kancolle),4,0
4560,white_serafuku,0,0
4561,springfield_(girls'_frontline),4,0
4562,tennis_racket,0,0
4563,watson_amelia_(1st_costume),4,0
4564,aqua_leotard,0,0
4565,black_apron,0,0
4566,cheek_bulge,0,0
4567,fantasy,0,0
4568,holding_handheld_game_console,0,0
4569,red_wings,0,0
4570,asticassia_school_uniform,0,0
4571,bent_over_furniture,0,0
4572,holding_gift,0,0
4573,kawashiro_nitori,4,0
4574,limited_palette,0,0
4575,two-tone_sports_bra,0,0
4576,ambiguous_gender,0,0
4577,bath_yukata,0,0
4578,dolphin_wave,0,0
4579,horned_headwear,0,0
4580,sleeves_pushed_up,0,0
4581,suit_jacket,0,0
4582,yellow_scrunchie,0,0
4583,arm_around_shoulder,0,0
4584,bullpup,0,0
4585,holding_hose,0,0
4586,keqing_(opulent_splendor)_(genshin_impact),4,0
4587,pubic_stubble,0,0
4588,shirakami_fubuki_(1st_costume),4,0
4589,digimon,0,0
4590,bridal_legwear,0,0
4591,dark_souls_(series),0,0
4592,kazano_hiori,4,0
4593,maple_leaf,0,0
4594,milestone_celebration,0,0
4595,thick_eyelashes,0,0
4596,bar_stool,0,0
4597,between_toes,0,0
4598,fujiwara_no_mokou,4,0
4599,see-through_panties,0,0
4600,toranoana,0,0
4601,blue_horns,0,0
4602,hand_on_eyewear,0,0
4603,lucoa_(maidragon),4,0
4604,palutena,4,0
4605,spiked_armlet,0,0
4606,colored_shoe_soles,0,0
4607,shallow_water,0,0
4608,spider_web,0,0
4609,tales_of_(series),0,0
4610,atago_(stunning_speedster)_(azur_lane),4,0
4611,black_fur,0,0
4612,hairpods,0,0
4613,haruka_(blue_archive),4,0
4614,impossible_swimsuit,0,0
4615,monster_hunter_rise,0,0
4616,painting_(object),0,0
4617,tokisaki_kurumi,4,0
4618,winged_arms,0,0
4619,denim_skirt,0,0
4620,seamed_legwear,0,0
4621,spade_(shape),0,0
4622,tokiwadai_school_uniform,0,0
4623,amagi_(azur_lane),4,0
4624,forced_orgasm,0,0
4625,lana_(pokemon),4,0
4626,planted_sword,0,0
4627,eyeball,0,0
4628,light_censor,0,0
4629,no_blindfold,0,0
4630,pointing_at_self,0,0
4631,tatara_kogasa,4,0
4632,taur,0,0
4633,boudica_(fate),4,0
4634,bound_together,0,0
4635,breast_smother,0,0
4636,excessive_pussy_juice,0,0
4637,harpy,0,0
4638,himeno_(chainsaw_man),4,0
4639,imminent_anal,0,0
4640,large_wings,0,0
4641,prinz_eugen_(unfading_smile)_(azur_lane),4,0
4642,strap_lift,0,0
4643,yes-no_pillow,0,0
4644,demon,0,0
4645,holding_box,0,0
4646,matsumoto_rangiku,4,0
4647,purple_tail,0,0
4648,tharja_(fire_emblem),4,0
4649,warhammer_40k,0,0
4650,corrin_(female)_(fire_emblem),4,0
4651,gold_footwear,0,0
4652,no_testicles,0,0
4653,people,0,0
4654,sonic_(series),0,0
4655,weight_conscious,0,0
4656,hitodama,0,0
4657,ice_cube,0,0
4658,long_tail,0,0
4659,lycoris_uniform,0,0
4660,modeus_(helltaker),4,0
4661,platform_heels,0,0
4662,shop,0,0
4663,bullet,0,0
4664,flower_earrings,0,0
4665,inaba_tewi,4,0
4666,lucifer_(helltaker),4,0
4667,nishizumi_miho,4,0
4668,rover_(wuthering_waves),4,0
4669,covered_testicles,0,0
4670,penis_to_breast,0,0
4671,sen_no_kiseki_(series),0,0
4672,shigure_ui_(vtuber),4,0
4673,chiori_(genshin_impact),4,0
4674,dot_mouth,0,0
4675,eyelash_ornament,0,0
4676,hinata_(blue_archive),4,0
4677,kaho_(blue_archive),4,0
4678,nekomata_okayu_(oversized_shirt),4,0
4679,plaid_bowtie,0,0
4680,stepped_on,0,0
4681,test_tube,0,0
4682,mushroom,0,0
4683,ribbed_legwear,0,0
4684,ruan_mei_(honkai:_star_rail),4,0
4685,saenai_heroine_no_sodatekata,0,0
4686,shokugeki_no_souma,0,0
4687,anby_demara,4,0
4688,aqua_ribbon,0,0
4689,basketball_(object),0,0
4690,black_robe,0,0
4691,huge_weapon,0,0
4692,official_style,0,0
4693,plaid_bikini,0,0
4694,upshorts,0,0
4695,yui_(princess_connect!),4,0
4696,ghislaine_dedoldia,4,0
4697,leg_between_thighs,0,0
4698,melting,0,0
4699,yellow-framed_eyewear,0,0
4700,aegyo_sal,0,0
4701,ass-to-ass,0,0
4702,center-flap_bangs,0,0
4703,covered_abs,0,0
4704,fu_xuan_(honkai:_star_rail),4,0
4705,high_side_ponytail,0,0
4706,holding_fork,0,0
4707,holding_whip,0,0
4708,ribbed_thighhighs,0,0
4709,soap_censor,0,0
4710,tape_on_nipples,0,0
4711,black_feathers,0,0
4712,blue-tinted_eyewear,0,0
4713,dragon_ball_super,0,0
4714,gag_harness,0,0
4715,holding_chopsticks,0,0
4716,naval_uniform,0,0
4717,nipple_chain,0,0
4718,nippleless_clothes,0,0
4719,sakurauchi_riko,4,0
4720,single_pantsleg,0,0
4721,gradient_skin,0,0
4722,helm_(nikke),4,0
4723,reze_(chainsaw_man),4,0
4724,sleeved_leotard,0,0
4725,tamamo_no_mae_(swimsuit_lancer)_(fate),4,0
4726,thank_you,0,0
4727,cinderella_(nikke),4,0
4728,faucet,0,0
4729,horizontal_pupils,0,0
4730,mesugaki,0,0
4731,sessyoin_kiara,4,0
4732,cheshire_(azur_lane),4,0
4733,coin_on_string,0,0
4734,covered_face,0,0
4735,hiyori_(blue_archive),4,0
4736,knight,0,0
4737,lemon,0,0
4738,morino_rinze,4,0
4739,purple_sweater,0,0
4740,rainbow,0,0
4741,takao_(kancolle),4,0
4742,crotch_focus,0,0
4743,employee_uniform,0,0
4744,fur_coat,0,0
4745,on_grass,0,0
4746,suspender_shorts,0,0
4747,talisman,0,0
4748,holding_animal,0,0
4749,two-handed_handjob,0,0
4750,unworn_sandals,0,0
4751,\m/,0,0
4752,albedo_(overlord),4,0
4753,bangs_pinned_back,0,0
4754,fire_emblem:_the_blazing_blade,0,0
4755,hands_on_feet,0,0
4756,male_doctor_(arknights),4,0
4757,multitasking,0,0
4758,dashed_eyes,0,0
4759,french_fries,0,0
4760,minamoto_no_raikou_(swimsuit_lancer)_(fate),4,0
4761,sheep_ears,0,0
4762,taihou_(enraptured_companion)_(azur_lane),4,0
4763,breastfeeding,0,0
4764,camilla_(fire_emblem),4,0
4765,military_vehicle,0,0
4766,boruto:_naruto_next_generations,0,0
4767,mihoyo,0,0
4768,pokemon_rse,0,0
4769,secelia_dote,4,0
4770,shimamura_uzuki,4,0
4771,yuudachi_(kancolle),4,0
4772,biker_clothes,0,0
4773,christmas_ornaments,0,0
4774,cloth_gag,0,0
4775,laffey_(azur_lane),4,0
4776,year_of_the_rabbit,0,0
4777,bodysuit_under_clothes,0,0
4778,lipstick_ring,0,0
4779,nipple_pull,0,0
4780,triangle_facial_mark,0,0
4781,gradient_sky,0,0
4782,okita_souji_(koha-ace),4,0
4783,saki_(swimsuit)_(blue_archive),4,0
4784,bicycle,0,0
4785,everyone,0,0
4786,lip_piercing,0,0
4787,pill,0,0
4788,reverse_spitroast,0,0
4789,streaming_tears,0,0
4790,tsukumo_sana,4,0
4791,watashi_ga_motenai_no_wa_dou_kangaetemo_omaera_ga_warui!,0,0
4792,gradient_clothes,0,0
4793,yoru_(chainsaw_man),4,0
4794,extra_faces,0,0
4795,hairjob,0,0
4796,heads_together,0,0
4797,jester_cap,0,0
4798,star_tattoo,0,0
4799,tensei_shitara_slime_datta_ken,0,0
4800,dusk_(arknights),4,0
4801,emoji,0,0
4802,greyscale_with_colored_background,0,0
4803,gwen_stacy,4,0
4804,head-mounted_display,0,0
4805,moriya_suwako,4,0
4806,orange_jacket,0,0
4807,scaramouche_(genshin_impact),4,0
4808,yuki_setsuna,4,0
4809,forked_tongue,0,0
4810,game_console,0,0
4811,in_heat,0,0
4812,loose_belt,0,0
4813,playing_instrument,0,0
4814,black_shrug,0,0
4815,exposed_pocket,0,0
4816,eyebrow_piercing,0,0
4817,flat_color,0,0
4818,flustered,0,0
4819,glansjob,0,0
4820,kaede_(blue_archive),4,0
4821,peach,0,0
4822,thumb_ring,0,0
4823,black_rock_shooter,0,0
4824,gundam_build_fighters,0,0
4825,holstered,0,0
4826,latex_leotard,0,0
4827,winged_heart_tattoo,0,0
4828,feather_trim,0,0
4829,greek_toe,0,0
4830,scroll,0,0
4831,soap,0,0
4832,alice_(nikke),4,0
4833,dumbbell,0,0
4834,qingdai_guanmao,0,0
4835,rin_(blue_archive),4,0
4836,text_focus,0,0
4837,koha-ace,0,0
4838,smelling_penis,0,0
4839,sucrose_(genshin_impact),4,0
4840,winged_heart,0,0
4841,ace_(playing_card),0,0
4842,after_masturbation,0,0
4843,alice_gear_aegis,0,0
4844,argyle_clothes,0,0
4845,artist_self-insert,0,0
4846,green_sailor_collar,0,0
4847,open_bodysuit,0,0
4848,oshino_shinobu,4,0
4849,crossed_bandaids,0,0
4850,hina_(swimsuit)_(blue_archive),4,0
4851,nagato_(kancolle),4,0
4852,nekomata_okayu_(1st_costume),4,0
4853,reverse_grip,0,0
4854,yes,0,0
4855,black_babydoll,0,0
4856,drawing_(object),0,0
4857,fatui_coat,0,0
4858,holding_stuffed_toy,0,0
4859,kiryu_coco,4,0
4860,niijima_makoto,4,0
4861,spider-gwen,4,0
4862,striped_socks,0,0
4863,brown_panties,0,0
4864,church,0,0
4865,eighth_note,0,0
4866,matou_sakura,4,0
4867,moona_hoshinova,4,0
4868,open_belt,0,0
4869,scar_on_nose,0,0
4870,two-tone_bodysuit,0,0
4871,wiz_(konosuba),4,0
4872,bismarck_(azur_lane),4,0
4873,horns_through_headwear,0,0
4874,nudist,0,0
4875,zara_(poolside_coincidence)_(azur_lane),4,0
4876,black_bridal_gauntlets,0,0
4877,nakano_yotsuba,4,0
4878,nian_(arknights),4,0
4879,orange_gloves,0,0
4880,pelvic_curtain_lift,0,0
4881,penis_measuring,0,0
4882,sakura_futaba,4,0
4883,saliva_on_penis,0,0
4884,sweater_around_waist,0,0
4885,animal_hat,0,0
4886,gladiator_sandals,0,0
4887,houraisan_kaguya,4,0
4888,indomitable_(azur_lane),4,0
4889,mash_kyrielight_(dangerous_beast)_(cosplay),0,0
4890,mutsu_(kancolle),4,0
4891,purple_pubic_hair,0,0
4892,selene_(pokemon),4,0
4893,anila_(granblue_fantasy),4,0
4894,grey_hoodie,0,0
4895,morning,0,0
4896,multicolored_bodysuit,0,0
4897,naked_hoodie,0,0
4898,reflection_focus,0,0
4899,sad,0,0
4900,takagaki_kaede,4,0
4901,behind_another,0,0
4902,black_cardigan,0,0
4903,humping,0,0
4904,saitama_(one-punch_man),4,0
4905,tohru_(maidragon),4,0
4906,tucked_penis,0,0
4907,art_program_in_frame,0,0
4908,family,0,0
4909,frilled_legwear,0,0
4910,jealous,0,0
4911,reflective_floor,0,0
4912,the_ring,0,0
4913,too_many,0,0
4914,tricorne,0,0
4915,chemise,0,0
4916,futasub,0,0
4917,grey-framed_eyewear,0,0
4918,stage,0,0
4919,turtleneck_dress,0,0
4920,bandaid_on_cheek,0,0
4921,breast_expansion,0,0
4922,chastity_cage,0,0
4923,drawer,0,0
4924,hikimayu,0,0
4925,kanzashi,0,0
4926,pink_pajamas,0,0
4927,black_tube_top,0,0
4928,hands_on_ground,0,0
4929,hindenburg_(azur_lane),4,0
4930,juxtaposition,0,0
4931,legs_folded,0,0
4932,purple_horns,0,0
4933,spoken_interrobang,0,0
4934,street,0,0
4935,yuzuki_yukari,4,0
4936,an-94_(girls'_frontline),4,0
4937,changli_(wuthering_waves),4,0
4938,finger_in_own_mouth,0,0
4939,multi-tied_hair,0,0
4940,star_hat_ornament,0,0
4941,thigh_ribbon,0,0
4942,vibrator_on_nipple,0,0
4943,ankle_ribbon,0,0
4944,female_goblin,0,0
4945,hand_on_wall,0,0
4946,ichinose_shiki,4,0
4947,cum_bubble,0,0
4948,double_dildo,0,0
4949,furry_with_furry,0,0
4950,multicolored_gloves,0,0
4951,brown_vest,0,0
4952,crazy_eyes,0,0
4953,drone,0,0
4954,evil_grin,0,0
4955,limbus_company,0,0
4956,orange_(fruit),0,0
4957,schwarz_(arknights),4,0
4958,zouri,0,0
4959,ankh,0,0
4960,hanekawa_tsubasa,4,0
4961,izumi_sagiri,4,0
4962,kunai,0,0
4963,phase_connect,0,0
4964,rabbit-shaped_pupils,0,0
4965,romaji_text,0,0
4966,stone_floor,0,0
4967,brown_bikini,0,0
4968,cameo,0,0
4969,shigure_(blue_archive),4,0
4970,skirt_tug,0,0
4971,>:(,0,0
4972,armpit_focus,0,0
4973,bb_(fate/extra),4,0
4974,implied_after_sex,0,0
4975,popsicle_in_mouth,0,0
4976,rug,0,0
4977,testicle_grab,0,0
4978,yu_mei-ren_(fate),4,0
4979,duffel_bag,0,0
4980,nagisa_(blue_archive),4,0
4981,orb,0,0
4982,pun,0,0
4983,scratches,0,0
4984,stylus,0,0
4985,field,0,0
4986,hands_on_another's_face,0,0
4987,jeanne_d'arc_(swimsuit_archer)_(fate),4,0
4988,nipple-to-nipple,0,0
4989,pussy_focus,0,0
4990,shinjou_akane,4,0
4991,skin_fangs,0,0
4992,z23_(azur_lane),4,0
4993,arisugawa_natsuha,4,0
4994,atelier_ryza_2,0,0
4995,chain_necklace,0,0
4996,cooler,0,0
4997,ass_tattoo,0,0
4998,diffraction_spikes,0,0
4999,josou_seme,0,0
5000,nekopara,0,0
5001,revolver,0,0
5002,alisa_mikhailovna_kujou,4,0
5003,bike_shorts_under_skirt,0,0
5004,crotch_zipper,0,0
5005,eye_of_horus,0,0
5006,flat_cap,0,0
5007,holding_hat,0,0
5008,red_hood_(nikke),4,0
5009,taimanin_yukikaze,0,0
5010,borrowed_clothes,0,0
5011,cyberpunk,0,0
5012,mole_on_cheek,0,0
5013,octopus,0,0
5014,tail_ring,0,0
5015,white_mask,0,0
5016,yamamura_sadako,4,0
5017,elizabeth_bathory_(fate),4,0
5018,explosion,0,0
5019,green_hairband,0,0
5020,lounge_chair,0,0
5021,seishun_buta_yarou,0,0
5022,slime_(creature),0,0
5023,ear_covers,0,0
5024,momosuzu_nene,4,0
5025,one-piece_thong,0,0
5026,raphtalia,4,0
5027,brazilian_flag,0,0
5028,covered_clitoris,0,0
5029,no_tail,0,0
5030,tomoe_gozen_(fate),4,0
5031,tsukioka_kogane,4,0
5032,blue_serafuku,0,0
5033,bombergirl,0,0
5034,chaps,0,0
5035,magazine_(weapon),0,0
5036,magic_circle,0,0
5037,rei_no_himo,0,0
5038,stadium,0,0
5039,steins;gate,0,0
5040,thigh_cutout,0,0
5041,zuikaku_(kancolle),4,0
5042,cookie,0,0
5043,green_vest,0,0
5044,kamado_nezuko,4,0
5045,new_game!,0,0
5046,off-shoulder_one-piece_swimsuit,0,0
5047,ohtsuki_yui,4,0
5048,red_hands,0,0
5049,wiping_sweat,0,0
5050,afloat,0,0
5051,ass_press,0,0
5052,drying,0,0
5053,frilled_hair_tubes,0,0
5054,march_7th_(preservation)_(honkai:_star_rail),4,0
5055,no_eyewear,0,0
5056,toilet_stall,0,0
5057,ulrich_von_hutten_(azur_lane),4,0
5058,yuudachi_kai_ni_(kancolle),4,0
5059,hallway,0,0
5060,house,0,0
5061,multiple_braids,0,0
5062,orange_shorts,0,0
5063,procreate_(software),0,0
5064,single_gauntlet,0,0
5065,mole_on_armpit,0,0
5066,osaki_tenka,4,0
5067,penis_shadow,0,0
5068,artoria_pendragon_(alter_swimsuit_rider)_(fate),4,0
5069,captured,0,0
5070,holding_flag,0,0
5071,kawakami_sadayo,4,0
5072,legwear_garter,0,0
5073,orange_sky,0,0
5074,red_tail,0,0
5075,ruins,0,0
5076,shingeki_no_bahamut,0,0
5077,2others,0,0
5078,airplane,0,0
5079,baldur's_gate,0,0
5080,cat_boy,0,0
5081,dagashi_kashi,0,0
5082,akira_(blue_archive),4,0
5083,cum_on_pussy,0,0
5084,eimi_(swimsuit)_(blue_archive),4,0
5085,leaning_on_person,0,0
5086,magatama_necklace,0,0
5087,tsunomaki_watame,4,0
5088,animal_feet,0,0
5089,baldur's_gate_3,0,0
5090,bandaged_head,0,0
5091,cuddling,0,0
5092,white_bloomers,0,0
5093,asashio_(kancolle),4,0
5094,atago_(kancolle),4,0
5095,lilith_(darkstalkers),4,0
5096,ui_(swimsuit)_(blue_archive),4,0
5097,back-to-back,0,0
5098,falling_leaves,0,0
5099,frilled_ribbon,0,0
5100,marie_rose,4,0
5101,princess_daisy,4,0
5102,untying,0,0
5103,feeding,0,0
5104,hagakure_toru,4,0
5105,hiiragi_utena,4,0
5106,multiple_belts,0,0
5107,racerback,0,0
5108,triangle_earrings,0,0
5109,against_railing,0,0
5110,button_badge,0,0
5111,character_print,0,0
5112,feixiao_(honkai:_star_rail),4,0
5113,purple_scrunchie,0,0
5114,refrigerator,0,0
5115,rose_print,0,0
5116,yazawa_nico,4,0
5117,blue_armband,0,0
5118,cabinet,0,0
5119,chain_headband,0,0
5120,crescent_moon,0,0
5121,deer_ears,0,0
5122,holding_smoking_pipe,0,0
5123,holding_swimsuit,0,0
5124,mole_on_collarbone,0,0
5125,puffy_detached_sleeves,0,0
5126,bare_tree,0,0
5127,kongou_(kancolle),4,0
5128,leonardo_da_vinci_(rider)_(fate),4,0
5129,selen_tatsuki,4,0
5130,takasaki_yu,4,0
5131,hand_in_own_panties,0,0
5132,ice_wings,0,0
5133,low_tied_hair,0,0
5134,pointy_hair,0,0
5135,shirai_kuroko,4,0
5136,earmuffs,0,0
5137,beige_background,0,0
5138,bridal_lingerie,0,0
5139,fringe_trim,0,0
5140,hakos_baelz_(1st_costume),4,0
5141,peroro_(blue_archive),4,0
5142,safety_pin,0,0
5143,bronya_rand,4,0
5144,mori_calliope_(1st_costume),4,0
5145,pink_camisole,0,0
5146,pink_pants,0,0
5147,professor_niyaniya_(blue_archive),4,0
5148,single-shoulder_shirt,0,0
5149,year_of_the_tiger,0,0
5150,chinese_hairpin,0,0
5151,en'en_no_shouboutai,0,0
5152,energy_wings,0,0
5153,kirara_(genshin_impact),4,0
5154,martha_(fate),4,0
5155,polka_dot_bra,0,0
5156,product_placement,0,0
5157,unworn_dress,0,0
5158,friedrich_der_grosse_(azur_lane),4,0
5159,haruno_sakura,4,0
5160,heart_background,0,0
5161,long_coat,0,0
5162,sexual_coaching,0,0
5163,warship_girls_r,0,0
5164,mococo_abyssgard_(1st_costume),4,0
5165,anastasia_(fate),4,0
5166,ayane_(blue_archive),4,0
5167,confused,0,0
5168,implied_yuri,0,0
5169,k/da_(league_of_legends),0,0
5170,make_heroine_ga_oo_sugiru!,0,0
5171,musashi_kai_ni_(kancolle),4,0
5172,nijigasaki_school_uniform,0,0
5173,on_car,0,0
5174,scar_on_leg,0,0
5175,handjob_gesture,0,0
5176,horn_ring,0,0
5177,ryona,0,0
5178,volleyball_(object),0,0
5179,wooden_table,0,0
5180,blue_neckwear,0,0
5181,hooves,0,0
5182,spilling,0,0
5183,splatoon_2,0,0
5184,toe_cleavage,0,0
5185,animal_on_head,0,0
5186,between_fingers,0,0
5187,jinx_(league_of_legends),4,0
5188,ooarai_school_uniform,0,0
5189,oyakodon_(sex),0,0
5190,striped_tail,0,0
5191,table_humping,0,0
5192,trench_coat,0,0
5193,volleyball_uniform,0,0
5194,super_mario_galaxy,0,0
5195,ankle_strap,0,0
5196,condom_left_inside,0,0
5197,cream,0,0
5198,desk_lamp,0,0
5199,emiya_shirou,4,0
5200,finger_on_trigger,0,0
5201,invisible_penis,0,0
5202,nipple_cutout,0,0
5203,roon_(azur_lane),4,0
5204,shoulder_pads,0,0
5205,three_quarter_view,0,0
5206,purple_one-piece_swimsuit,0,0
5207,robin_(fire_emblem),4,0
5208,spotlight,0,0
5209,y'shtola_rhul,4,0
5210,aqua_bra,0,0
5211,foot_worship,0,0
5212,hand_in_another's_panties,0,0
5213,multicolored_leotard,0,0
5214,mutual_masturbation,0,0
5215,colored_condom,0,0
5216,ears_down,0,0
5217,lana's_mother_(pokemon),4,0
5218,monika_(doki_doki_literature_club),4,0
5219,pink-framed_eyewear,0,0
5220,sabrina_(pokemon),4,0
5221,tunic,0,0
5222,arezu_(pokemon),4,0
5223,buruma_pull,0,0
5224,elira_pendora,4,0
5225,hypno,4,0
5226,lipstick_tube,0,0
5227,paw_shoes,0,0
5228,poke_ball_print,0,0
5229,tickling,0,0
5230,chen,4,0
5231,hand_grab,0,0
5232,holding_bra,0,0
5233,micro_bra,0,0
5234,miside,0,0
5235,scar_on_chest,0,0
5236,taimanin_suit,0,0
5237,tokoyami_towa_(1st_costume),4,0
5238,track_and_field,0,0
5239,counter:side,0,0
5240,dead_or_alive_5,0,0
5241,demon_slayer_uniform,0,0
5242,food_on_breasts,0,0
5243,simulated_fellatio,0,0
5244,taut_leotard,0,0
5245,amazon_position,0,0
5246,blood_on_weapon,0,0
5247,city_lights,0,0
5248,layla_(genshin_impact),4,0
5249,native_american,0,0
5250,purple_theme,0,0
5251,restaurant,0,0
5252,shouting,0,0
5253,snap-fit_buckle,0,0
5254,unzipping,0,0
5255,mita_(miside),4,0
5256,nanashi_mumei_(1st_costume),4,0
5257,nike_(company),0,0
5258,purple_pupils,0,0
5259,anime_coloring,0,0
5260,bad_feet,0,0
5261,justina_follower_(blue_archive),4,0
5262,lily_(flower),0,0
5263,nero_claudius_(swimsuit_caster)_(fate),4,0
5264,topless_female,0,0
5265,vertical-striped_dress,0,0
5266,broken_chain,0,0
5267,ho'olheyak_(arknights),4,0
5268,planet,0,0
5269,thighhighs_over_pantyhose,0,0
5270,armpit_cutout,0,0
5271,diagonal-striped_bow,0,0
5272,kuroki_tomoko,4,0
5273,lace-trimmed_choker,0,0
5274,lifebuoy,0,0
5275,mei_(overwatch),4,0
5276,staring,0,0
5277,telekinesis,0,0
5278,weasel_ears,0,0
5279,graffiti,0,0
5280,panther_tail,0,0
5281,seele_(honkai:_star_rail),4,0
5282,twilight,0,0
5283,gerudo,0,0
5284,gohei,0,0
5285,hands_on_another's_shoulders,0,0
5286,holding_beachball,0,0
5287,insect_wings,0,0
5288,popped_collar,0,0
5289,unworn_bikini,0,0
5290,black_pasties,0,0
5291,brown_bow,0,0
5292,caustics,0,0
5293,pornography,0,0
5294,reijo_(blue_archive),4,0
5295,ribbed_leotard,0,0
5296,torn_panties,0,0
5297,turn_pale,0,0
5298,atsuko_(blue_archive),4,0
5299,c.c.,4,0
5300,cervical_penetration,0,0
5301,covered_anus,0,0
5302,kimono_lift,0,0
5303,open_robe,0,0
5304,osaka_shizuku,4,0
5305,stage_lights,0,0
5306,brown_sweater_vest,0,0
5307,chikan,0,0
5308,inui_sajuna,4,0
5309,lucky_star,0,0
5310,orange_ribbon,0,0
5311,red_theme,0,0
5312,tarnished_(elden_ring),4,0
5313,yukine_chris,4,0
5314,fish_girl,0,0
5315,mimikaki,0,0
5316,open_hands,0,0
5317,pink_one-piece_swimsuit,0,0
5318,camisole_lift,0,0
5319,kotatsu,0,0
5320,koyuki_(blue_archive),4,0
5321,lize_helesta,4,0
5322,snowflake_print,0,0
5323,sponge,0,0
5324,flask,0,0
5325,holding_wand,0,0
5326,weightlifting,0,0
5327,blood_on_hands,0,0
5328,borrowed_design,0,0
5329,champagne,0,0
5330,heel_up,0,0
5331,ring_gag,0,0
5332,tokino_sora,4,0
5333,unworn_bikini_bottom,0,0
5334,vibrator_in_thigh_strap,0,0
5335,akemi_homura,4,0
5336,eous_(zenless_zone_zero),4,0
5337,holding_shield,0,0
5338,mini_top_hat,0,0
5339,rubbing_eyes,0,0
5340,sailor_bikini,0,0
5341,sirius_(azure_horizons)_(azur_lane),4,0
5342,specter_(arknights),4,0
5343,whislash_(arknights),4,0
5344,brown_bag,0,0
5345,cannon,0,0
5346,hayami_kanade,4,0
5347,holding_sign,0,0
5348,komiya_kaho,4,0
5349,ramlethal_valentine,4,0
5350,shared_object_insertion,0,0
5351,star_wars,0,0
5352,tactical_clothes,0,0
5353,amagi_brilliant_park,0,0
5354,bird_tail,0,0
5355,gaming_chair,0,0
5356,green_choker,0,0
5357,shaped_pubic_hair,0,0
5358,sling_bikini_top,0,0
5359,bulma,4,0
5360,full_armor,0,0
5361,single_pauldron,0,0
5362,yumi_(senran_kagura),4,0
5363,backless_swimsuit,0,0
5364,brazilian_flag_print,0,0
5365,briefcase,0,0
5366,demon_boy,0,0
5367,lyn_(fire_emblem),4,0
5368,mechanical_hands,0,0
5369,saori_(dress)_(blue_archive),4,0
5370,track_uniform,0,0
5371,venus_symbol,0,0
5372,fur_scarf,0,0
5373,jewel_under_eye,0,0
5374,cuts,0,0
5375,grimace,0,0
5376,inuyama_aoi,4,0
5377,kouzuki_kallen,4,0
5378,latex_thighhighs,0,0
5379,machine_gun,0,0
5380,mage_staff,0,0
5381,milk_carton,0,0
5382,pink_belt,0,0
5383,red_sports_bra,0,0
5384,tape_measure,0,0
5385,yukihana_lamy_(1st_costume),4,0
5386,candace_(genshin_impact),4,0
5387,fur_cloak,0,0
5388,fuwawa_abyssgard_(1st_costume),4,0
5389,grapes,0,0
5390,kokona_(blue_archive),4,0
5391,machikado_mazoku,0,0
5392,steepled_fingers,0,0
5393,crescent_print,0,0
5394,tankini,0,0
5395,august_von_parseval_(azur_lane),4,0
5396,ballerina,0,0
5397,beach_mat,0,0
5398,calendar_(object),0,0
5399,commander_(girls'_frontline),4,0
5400,mars_symbol,0,0
5401,minase_iori,4,0
5402,nishizumi_maho,4,0
5403,shiny_legwear,0,0
5404,yellow_rose,0,0
5405,breast_conscious,0,0
5406,chinatsu_(blue_archive),4,0
5407,diadem,0,0
5408,drop_shadow,0,0
5409,girls'_frontline_neural_cloud,0,0
5410,musou_isshin_(genshin_impact),0,0
5411,orange_necktie,0,0
5412,sweatpants,0,0
5413,character_censor,0,0
5414,jougasaki_rika,4,0
5415,pinned,0,0
5416,plaid_shirt,0,0
5417,potato_chips,0,0
5418,taimanin_asagi,0,0
5419,against_tree,0,0
5420,holding_baseball_bat,0,0
5421,iino_miko,4,0
5422,irida_(pokemon),4,0
5423,large_bow,0,0
5424,midna,4,0
5425,screaming,0,0
5426,senran_kagura_new_link,0,0
5427,thighhighs_pull,0,0
5428,typo,0,0
5429,bikesuit,0,0
5430,ceres_fauna_(1st_costume),4,0
5431,fate/prototype,0,0
5432,multiple_wings,0,0
5433,white_headband,0,0
5434,collei_(genshin_impact),4,0
5435,grey_nails,0,0
5436,shun_(blue_archive),4,0
5437,strapless_one-piece_swimsuit,0,0
5438,white_vest,0,0
5439,anniversary,0,0
5440,aru_(dress)_(blue_archive),4,0
5441,ayase_eli,4,0
5442,brown_pubic_hair,0,0
5443,curtained_hair,0,0
5444,disgaea,0,0
5445,frilled_camisole,0,0
5446,green_apron,0,0
5447,hilda_valentine_goneril,4,0
5448,mark_under_both_eyes,0,0
5449,oversized_breast_cup,0,0
5450,ash_ketchum,4,0
5451,cum_in_cup,0,0
5452,hatching_(texture),0,0
5453,knees_out_of_frame,0,0
5454,masochism,0,0
5455,orange_thighhighs,0,0
5456,oyama_mahiro,4,0
5457,sitting_backwards,0,0
5458,yellow_thighhighs,0,0
5459,cropped_vest,0,0
5460,cum_on_back,0,0
5461,cum_on_eyewear,0,0
5462,grenade,0,0
5463,holding_pillow,0,0
5464,kashino_(hot_springs_relaxation)_(azur_lane),4,0
5465,lemon_slice,0,0
5466,mualani_(genshin_impact),4,0
5467,plastic_bag,0,0
5468,shirt_overhang,0,0
5469,shylily,4,0
5470,steering_wheel,0,0
5471,studded_choker,0,0
5472,hand_on_own_crotch,0,0
5473,kagari_atsuko,4,0
5474,mecha_musume,0,0
5475,minecraft,0,0
5476,monster_energy,0,0
5477,orange_flower,0,0
5478,animalization,0,0
5479,buruma_aside,0,0
5480,horn_ribbon,0,0
5481,ooyodo_(kancolle),4,0
5482,panties_under_shorts,0,0
5483,petals_on_liquid,0,0
5484,skull_print,0,0
5485,lotus,0,0
5486,measuring,0,0
5487,neon_trim,0,0
5488,opaque_glasses,0,0
5489,persona_5_the_royal,0,0
5490,washing_machine,0,0
5491,alarm_clock,0,0
5492,gabriel_dropout,0,0
5493,glory_hole,0,0
5494,haruna_(kancolle),4,0
5495,mario,4,0
5496,mismatched_eyebrows,0,0
5497,mole_on_body,0,0
5498,pink_hoodie,0,0
5499,pregnancy_test,0,0
5500,punishing:_gray_raven,0,0
5501,resident_evil_4,0,0
5502,rupee_(nikke),4,0
5503,unmoving_pattern,0,0
5504,unworn_shorts,0,0
5505,year_of_the_ox,0,0
5506,brown_lips,0,0
5507,censored_identity,0,0
5508,jewel_butt_plug,0,0
5509,nail_art,0,0
5510,ninja_mask,0,0
5511,bag_charm,0,0
5512,cat_print,0,0
5513,dogeza,0,0
5514,gojou_wakana,4,0
5515,lace-trimmed_hairband,0,0
5516,sitting_on_table,0,0
5517,sticker,0,0
5518,tail_bell,0,0
5519,triforce,0,0
5520,9s_(nier:automata),4,0
5521,cupping_hands,0,0
5522,hyur,0,0
5523,in_water,0,0
5524,plaid_scarf,0,0
5525,cloud_strife,4,0
5526,combat_helmet,0,0
5527,kaname_madoka,4,0
5528,overwatch_2,0,0
5529,red_pubic_hair,0,0
5530,singing,0,0
5531,white_necktie,0,0
5532,amamiya_ren,4,0
5533,black_armor,0,0
5534,blue-framed_eyewear,0,0
5535,dress_bow,0,0
5536,kazama_iroha_(1st_costume),4,0
5537,paizuri_invitation,0,0
5538,yellow_armband,0,0
5539,asymmetrical_wings,0,0
5540,blaze_(arknights),4,0
5541,don-chan_(usada_pekora),4,0
5542,highleg_swimsuit,0,0
5543,lace-trimmed_gloves,0,0
5544,nitta_minami,4,0
5545,penis_over_one_eye,0,0
5546,short_over_long_sleeves,0,0
5547,spider-man:_into_the_spider-verse,0,0
5548,vaulting_horse,0,0
5549,disposable_coffee_cup,0,0
5550,heart_pendant,0,0
5551,holding_leg,0,0
5552,mega_man_(series),0,0
5553,paper_fan,0,0
5554,prosthetic_leg,0,0
5555,scathach_(swimsuit_assassin)_(fate),4,0
5556,sig_sauer,0,0
5557,unworn_gloves,0,0
5558,hair_extensions,0,0
5559,izumi_mei,4,0
5560,parfait,0,0
5561,playstation_controller,0,0
5562,queen_of_spades_symbol,0,0
5563,rhea_(fire_emblem),4,0
5564,seashell,0,0
5565,shark_hood,0,0
5566,sword_art_online:_alicization,0,0
5567,asymmetrical_footwear,0,0
5568,black_armband,0,0
5569,black_neckwear,0,0
5570,crescent_earrings,0,0
5571,falling,0,0
5572,green_kimono,0,0
5573,holding_with_feet,0,0
5574,orange_panties,0,0
5575,panties_over_garter_belt,0,0
5576,plaid_hat,0,0
5577,uehara_ayumu,4,0
5578,boku_wa_tomodachi_ga_sukunai,0,0
5579,full-length_mirror,0,0
5580,holed_coin,0,0
5581,leather_belt,0,0
5582,object_on_head,0,0
5583,on_person,0,0
5584,rpk-16_(girls'_frontline),4,0
5585,shiny_swimsuit,0,0
5586,soda_(nikke),4,0
5587,veiny_arms,0,0
5588,wooden_fence,0,0
5589,youkoso_jitsuryoku_shijou_shugi_no_kyoushitsu_e,0,0
5590,bloom,0,0
5591,higuchi_kaede,4,0
5592,licking_testicle,0,0
5593,macaron,0,0
5594,mechanical_legs,0,0
5595,moe_(swimsuit)_(blue_archive),4,0
5596,spreader_bar,0,0
5597,stain,0,0
5598,sunflower_hair_ornament,0,0
5599,tenryuu_(kancolle),4,0
5600,blood_splatter,0,0
5601,bralines,0,0
5602,danganronpa:_trigger_happy_havoc,0,0
5603,full-length_zipper,0,0
5604,green_cape,0,0
5605,power_symbol,0,0
5606,unworn_coat,0,0
5607,heart_hands_duo,0,0
5608,hexagon_hair_ornament,0,0
5609,javelin_(azur_lane),4,0
5610,jill_stingray,4,0
5611,penis_under_another's_clothes,0,0
5612,sister_claire,4,0
5613,snk,0,0
5614,the_legend_of_korra,0,0
5615,very_long_sleeves,0,0
5616,xiangling_(genshin_impact),4,0
5617,after_bathing,0,0
5618,blue_tongue,0,0
5619,himemori_luna,4,0
5620,holding_bow_(weapon),0,0
5621,jacket_lift,0,0
5622,o-ring_swimsuit,0,0
5623,outie_navel,0,0
5624,swimsuit_cover-up,0,0
5625,white_nightgown,0,0
5626,aura_(sousou_no_frieren),4,0
5627,drugs,0,0
5628,lightning,0,0
5629,rumia,4,0
5630,see-through_one-piece_swimsuit,0,0
5631,yoshimi_(blue_archive),4,0
5632,greatsword,0,0
5633,labret_piercing,0,0
5634,popped_button,0,0
5635,scribble_censor,0,0
5636,bulletproof_vest,0,0
5637,falin_touden,4,0
5638,ganbare_douki-chan,0,0
5639,hand_milking,0,0
5640,hands_on_own_stomach,0,0
5641,idol_clothes,0,0
5642,iphone,0,0
5643,jessie_(pokemon),4,0
5644,kissing_cheek,0,0
5645,klee_(genshin_impact),4,0
5646,magia_baiser,4,0
5647,midair,0,0
5648,nearly_naked_apron,0,0
5649,ranma_1/2,0,0
5650,rudder_footwear,0,0
5651,bb_(swimsuit_mooncancer)_(second_ascension)_(fate),4,0
5652,bismarck_(kancolle),4,0
5653,black_nightgown,0,0
5654,chandelier,0,0
5655,flame_print,0,0
5656,kanzaki_ranko,4,0
5657,lopunny,4,0
5658,meat,0,0
5659,noir_(nikke),4,0
5660,rash_guard,0,0
5661,romper,0,0
5662,teacher_and_student,0,0
5663,burn_scar,0,0
5664,female_rover_(wuthering_waves),4,0
5665,jar,0,0
5666,justice_(helltaker),4,0
5667,multi-strapped_bikini_top,0,0
5668,bird_ears,0,0
5669,blowing_kiss,0,0
5670,brown_bra,0,0
5671,implied_pregnancy,0,0
5672,purple_pants,0,0
5673,rabbit_print,0,0
5674,scope,0,0
5675,torso_flash,0,0
5676,video_camera,0,0
5677,animal_ear_legwear,0,0
5678,cumdump,0,0
5679,nishizumi_shiho,4,0
5680,nui_sociere,4,0
5681,open-chest_sweater,0,0
5682,studded_belt,0,0
5683,black_boots,0,0
5684,cheek_press,0,0
5685,diluc_(genshin_impact),4,0
5686,hairy,0,0
5687,public_vibrator,0,0
5688,teardrop_tattoo,0,0
5689,trinity_general_school_swimsuit,0,0
5690,uncommon_stimulation,0,0
5691,white_shrug,0,0
5692,cock_ring,0,0
5693,fake_wings,0,0
5694,faruzan_(genshin_impact),4,0
5695,implied_cunnilingus,0,0
5696,infirmary,0,0
5697,piledriver_(sex),0,0
5698,tokoyami_towa_(jirai_kei),4,0
5699,worried,0,0
5700,ankle_socks,0,0
5701,chihiro_(blue_archive),4,0
5702,curled_fingers,0,0
5703,heart_tail,0,0
5704,koharu_(swimsuit)_(blue_archive),4,0
5705,meltryllis_(swimsuit_lancer)_(fate),4,0
5706,spider_girl,0,0
5707,standing_missionary,0,0
5708,tailcoat,0,0
5709,wet_dress,0,0
5710,amillion_(zenless_zone_zero),4,0
5711,anchor_choker,0,0
5712,firing,0,0
5713,meruccubus_(merunyaa),4,0
5714,pa-san,4,0
5715,single_garter_strap,0,0
5716,striped_pantyhose,0,0
5717,ump9_(girls'_frontline),4,0
5718,aerial_fireworks,0,0
5719,checkered_flag,0,0
5720,dark_labia,0,0
5721,enjo_kouhai,0,0
5722,holding_own_tail,0,0
5723,implied_masturbation,0,0
5724,male_on_futa,0,0
5725,natsu_(blue_archive),4,0
5726,pinching,0,0
5727,pink_apron,0,0
5728,pink_sports_bra,0,0
5729,sharp_toenails,0,0
5730,skeleton,0,0
5731,transformation,0,0
5732,arm_between_legs,0,0
5733,cafe,0,0
5734,eyewear_hang,0,0
5735,grabbing_another's_twintails,0,0
5736,hachimaki,0,0
5737,notched_ear,0,0
5738,shirasaka_koume,4,0
5739,tiffy_(nottytiffy),4,0
5740,avatar:_the_last_airbender,0,0
5741,magazine_cover,0,0
5742,matching_outfits,0,0
5743,pikachu,4,0
5744,ribbon_in_mouth,0,0
5745,backless_panties,0,0
5746,club_(weapon),0,0
5747,fast_food,0,0
5748,flats,0,0
5749,hyouka,0,0
5750,mostima_(arknights),4,0
5751,naganami_(kancolle),4,0
5752,poker_table,0,0
5753,yukinoshita_yukino,4,0
5754,candlestand,0,0
5755,german_flag_bikini,0,0
5756,leather_gloves,0,0
5757,nipple_rub,0,0
5758,prehensile_tail,0,0
5759,yinlin_(wuthering_waves),4,0
5760,yuuki_mikan,4,0
5761,finger_to_cheek,0,0
5762,hooded_cape,0,0
5763,magazine_(object),0,0
5764,multiple_hair_bows,0,0
5765,shishiro_botan_(1st_costume),4,0
5766,single_thigh_boot,0,0
5767,text_messaging,0,0
5768,untied,0,0
5769,wrench,0,0
5770,yuzuki_choco_(1st_costume),4,0
5771,aqua_skirt,0,0
5772,astolfo_(sailor_paladin)_(fate),4,0
5773,earbuds,0,0
5774,haruna_(track)_(blue_archive),4,0
5775,hijiri_byakuren,4,0
5776,locked_arms,0,0
5777,restroom,0,0
5778,sakurajima_mai,4,0
5779,adjusting_legwear,0,0
5780,baggy_pants,0,0
5781,cat_hood,0,0
5782,cheering,0,0
5783,elbow_carry,0,0
5784,glands_of_montgomery,0,0
5785,mop,0,0
5786,ribbon-trimmed_thighhighs,0,0
5787,shuka_high_school_uniform,0,0
5788,katsushika_hokusai_(fate),4,0
5789,licking_ear,0,0
5790,ribbed_dress,0,0
5791,river,0,0
5792,view_between_legs,0,0
5793,character_profile,0,0
5794,digimon_(creature),0,0
5795,german_clothes,0,0
5796,gradient_legwear,0,0
5797,green_legwear,0,0
5798,grey_tank_top,0,0
5799,handprint,0,0
5800,holding_another's_foot,0,0
5801,power_armor,0,0
5802,stone_wall,0,0
5803,arm_hair,0,0
5804,artoria_pendragon_(alter_swimsuit_rider)_(second_ascension)_(fate),4,0
5805,banana,0,0
5806,yellow_kimono,0,0
5807,bibi_(tokoyami_towa),4,0
5808,black_lagoon,0,0
5809,calligraphy_brush,0,0
5810,fur-trimmed_kimono,0,0
5811,konjiki_no_yami,4,0
5812,ro-500_(kancolle),4,0
5813,ship,0,0
5814,tanaka_mamimi,4,0
5815,a2_(nier:automata),4,0
5816,fingering_through_panties,0,0
5817,garreg_mach_monastery_uniform,0,0
5818,inconvenient_breasts,0,0
5819,jeanne_d'arc_alter_(ver._shinjuku_1999)_(fate),4,0
5820,lake,0,0
5821,marker,0,0
5822,no_mask,0,0
5823,atlanta_(kancolle),4,0
5824,barrel,0,0
5825,front-hook_bra,0,0
5826,graf_zeppelin_(azur_lane),4,0
5827,health_bar,0,0
5828,hololive_dance_practice_uniform,0,0
5829,pet_bowl,0,0
5830,pyra_(pro_swimmer)_(xenoblade),4,0
5831,ring_hair_extensions,0,0
5832,siege_(arknights),4,0
5833,sweater_pull,0,0
5834,white_babydoll,0,0
5835,zenra,0,0
5836,blake_belladonna,4,0
5837,chained_wrists,0,0
5838,cross_choker,0,0
5839,leg_hair,0,0
5840,manga_(object),0,0
5841,melina_(elden_ring),4,0
5842,two-tone_one-piece_swimsuit,0,0
5843,dildo_under_panties,0,0
5844,face_between_breasts,0,0
5845,hadanugi_dousa,0,0
5846,ibuki_douji_(fate),4,0
5847,jacket_pull,0,0
5848,kizuna_akari,4,0
5849,no_mouth,0,0
5850,noodles,0,0
5851,tie_clip,0,0
5852,grabbing_another's_chin,0,0
5853,heart_facial_mark,0,0
5854,holding_water_gun,0,0
5855,hoshii_miki,4,0
5856,human_scabbard,0,0
5857,implied_paizuri,0,0
5858,stellar_blade,0,0
5859,american_flag_legwear,0,0
5860,contrail,0,0
5861,face_in_ass,0,0
5862,heart_of_string,0,0
5863,penis_on_pussy,0,0
5864,widowmaker_(overwatch),4,0
5865,blanc_(nikke),4,0
5866,exercise_ball,0,0
5867,florence_nightingale_(trick_or_treatment)_(fate),4,0
5868,gourd,0,0
5869,hiding,0,0
5870,holding_money,0,0
5871,holding_pole,0,0
5872,mole_above_mouth,0,0
5873,pill_earrings,0,0
5874,tropical_drink,0,0
5875,yagokoro_eirin,4,0
5876,yellow_leotard,0,0
5877,choppy_bangs,0,0
5878,fitting_room,0,0
5879,miru_tights,0,0
5880,shishiro_botan_(casual),4,0
5881,taihou_(forbidden_fruit)_(azur_lane),4,0
5882,cerberus_(helltaker),4,0
5883,grey_sky,0,0
5884,heart-shaped_lock,0,0
5885,hinoa,4,0
5886,neckwear_grab,0,0
5887,qiqi_(genshin_impact),4,0
5888,spiked_tail,0,0
5889,timestamp,0,0
5890,boat,0,0
5891,clover,0,0
5892,dress_tug,0,0
5893,kei_(m_k),4,0
5894,matsuura_kanan,4,0
5895,penguin,0,0
5896,shell_casing,0,0
5897,sway_back,0,0
5898,aqua_dress,0,0
5899,balcony,0,0
5900,floral_print_kimono,0,0
5901,frog,0,0
5902,grey_socks,0,0
5903,penis_on_stomach,0,0
5904,suzuhara_lulu,4,0
5905,tachibana_arisu,4,0
5906,tam_o'_shanter,0,0
5907,underwear_writing,0,0
5908,aqua_jacket,0,0
5909,bow_choker,0,0
5910,fellatio_under_mask,0,0
5911,gigi_murin,4,0
5912,green_bodysuit,0,0
5913,himekaidou_hatate,4,0
5914,holding_riding_crop,0,0
5915,murasaki_shikibu_(fate),4,0
5916,nearl_(arknights),4,0
5917,panty_(psg),4,0
5918,undone_necktie,0,0
5919,very_long_fingernails,0,0
5920,adjusting_panties,0,0
5921,armpit_sex,0,0
5922,breast_strap,0,0
5923,cardigan_around_waist,0,0
5924,cum_on_male,0,0
5925,fishnet_socks,0,0
5926,grey_headwear,0,0
5927,harem_pants,0,0
5928,invisible_man,0,0
5929,kuchiki_rukia,4,0
5930,lineart,0,0
5931,m4a1_(girls'_frontline),4,0
5932,saratoga_(kancolle),4,0
5933,see-through_jacket,0,0
5934,spread_armpit,0,0
5935,tribal,0,0
5936,yoru_mac,0,0
5937,erect_clitoris,0,0
5938,rita_rossweisse,4,0
5939,sinon,4,0
5940,sports_car,0,0
5941,toradora!,0,0
5942,u.a._school_uniform,0,0
5943,yellow_skin,0,0
5944,bone,0,0
5945,cousins,0,0
5946,dirndl,0,0
5947,grey_belt,0,0
5948,ichijou_ririka,4,0
5949,letterman_jacket,0,0
5950,medal,0,0
5951,no_jacket,0,0
5952,nose_bubble,0,0
5953,orca_girl,0,0
5954,turtle_shell,0,0
5955,wrist_guards,0,0
5956,yellow_tank_top,0,0
5957,arm_hug,0,0
5958,eve_(stellar_blade),4,0
5959,exhausted,0,0
5960,greco-roman_clothes,0,0
5961,holding_broom,0,0
5962,multicolored_skirt,0,0
5963,scoop_neck,0,0
5964,sukajan,0,0
5965,assisted_rape,0,0
5966,casino,0,0
5967,kearsarge_(azur_lane),4,0
5968,kiyohime_(fate),4,0
5969,leg_belt,0,0
5970,nakiri_erina,4,0
5971,princess_king_boo,4,0
5972,saki_(manga),0,0
5973,white_slingshot_swimsuit,0,0
5974,1990s_(style),0,0
5975,autoarousal,0,0
5976,blue_tail,0,0
5977,dry_humping,0,0
5978,taut_swimsuit,0,0
5979,cetacean_tail,0,0
5980,green_pubic_hair,0,0
5981,red_oni,0,0
5982,shako_cap,0,0
5983,urethral_insertion,0,0
5984,white_romper,0,0
5985,budget_sarashi,0,0
5986,eunectes_(arknights),4,0
5987,mittens,0,0
5988,sepia,0,0
5989,walkie-talkie,0,0
5990,batman_(series),0,0
5991,bikini_top_pull,0,0
5992,houjuu_nue,4,0
5993,merlin_(fate/prototype),4,0
5994,mole_on_shoulder,0,0
5995,pointer,0,0
5996,power_symbol-shaped_pupils,0,0
5997,rika_(m_k),4,0
5998,torn_gloves,0,0
5999,utility_pole,0,0
6000,yume_(blue_archive),4,0
6001,asakura_toru,4,0
6002,belt_bra,0,0
6003,bird_girl,0,0
6004,bust_cup,0,0
6005,cross_scar,0,0
6006,dice_hair_ornament,0,0
6007,extra,0,0
6008,junketsu,4,0
6009,notched_lapels,0,0
6010,okamoto_condoms,0,0
6011,prayer_beads,0,0
6012,pulling,0,0
6013,shidare_hotaru,4,0
6014,tentacles_under_clothes,0,0
6015,toilet_paper,0,0
6016,uneven_sleeves,0,0
6017,vertical-striped_bikini,0,0
6018,vspo!,0,0
6019,against_fourth_wall,0,0
6020,baiken,4,0
6021,black_veil,0,0
6022,blue_apron,0,0
6023,hina_(dress)_(blue_archive),4,0
6024,hooded_bodysuit,0,0
6025,ibuki_suika,4,0
6026,majo_no_tabitabi,0,0
6027,aki_rosenthal,4,0
6028,dragon's_crown,0,0
6029,drying_hair,0,0
6030,lace-trimmed_dress,0,0
6031,naranja_academy_school_uniform,0,0
6032,natsuki_(doki_doki_literature_club),4,0
6033,no_mole,0,0
6034,punching,0,0
6035,purple_capelet,0,0
6036,red_bandana,0,0
6037,senran_kagura_shinovi_versus,0,0
6038,white_cloak,0,0
6039,bradamante_(fate),4,0
6040,facing_to_the_side,0,0
6041,high_heel_sandals,0,0
6042,korra,4,0
6043,mashiro_(blue_archive),4,0
6044,praying,0,0
6045,queen's_blade,0,0
6046,spiked_penis,0,0
6047,suzuran_(arknights),4,0
6048,tennis_ball,0,0
6049,tomoe_mami,4,0
6050,untied_bikini_top,0,0
6051,xilonen_(genshin_impact),4,0
6052,yuzu_(blue_archive),4,0
6053,alexandrina_sebastiane,4,0
6054,blend_s,0,0
6055,cane,0,0
6056,chef_hat,0,0
6057,kazusa_(band)_(blue_archive),4,0
6058,megu_(blue_archive),4,0
6059,petting,0,0
6060,rope_belt,0,0
6061,yin_yang,0,0
6062,cum_on_floor,0,0
6063,dilation_tape,0,0
6064,ejaculation_under_clothes,0,0
6065,elaina_(majo_no_tabitabi),4,0
6066,female_ejaculation_through_clothes,0,0
6067,onigiri,0,0
6068,pola_(azur_lane),4,0
6069,shadowheart_(baldur's_gate),4,0
6070,ssss.dynazenon,0,0
6071,tracer_(overwatch),4,0
6072,white_suit,0,0
6073,yellow_tail,0,0
6074,akali,4,0
6075,bandaged_neck,0,0
6076,dusk,0,0
6077,green_lips,0,0
6078,heart-shaped_boob_challenge,0,0
6079,ishuzoku_reviewers,0,0
6080,lightning_bolt_symbol,0,0
6081,ouro_kronii_(casual),4,0
6082,viewer_on_leash,0,0
6083,black_survival,0,0
6084,boxers,0,0
6085,flower_wreath,0,0
6086,hisakawa_hayate,4,0
6087,medical_eyepatch,0,0
6088,mizuki_yukikaze,4,0
6089,sona_(league_of_legends),4,0
6090,takanashi_kiara_(1st_costume),4,0
6091,theresa_apocalypse,4,0
6092,<|>_<|>,0,0
6093,clothed_after_sex,0,0
6094,envelope,0,0
6095,gloom_(expression),0,0
6096,momo_velia_deviluke,4,0
6097,mordred_(memories_at_trifas)_(fate),4,0
6098,shading_eyes,0,0
6099,covering_one_breast,0,0
6100,deer_antlers,0,0
6101,foot_pussy,0,0
6102,grey_pubic_hair,0,0
6103,moonlight,0,0
6104,pussy_juice_on_fingers,0,0
6105,skull_and_crossbones,0,0
6106,striped_background,0,0
6107,:i,0,0
6108,drugged,0,0
6109,gae_bolg_(fate),0,0
6110,gradient,0,0
6111,medium_skirt,0,0
6112,pod_(nier:automata),4,0
6113,seele_vollerei,4,0
6114,striped_sleeves,0,0
6115,stubble,0,0
6116,tail_between_legs,0,0
6117,tearing_clothes,0,0
6118,throat_bulge,0,0
6119,tokisaki_asaba_(niliu_chahui),4,0
6120,white_tube_top,0,0
6121,ace_of_hearts,0,0
6122,metal_gear_(series),0,0
6123,nitroplus,0,0
6124,spiked_hairband,0,0
6125,aponia_(honkai_impact),4,0
6126,ballet_slippers,0,0
6127,bridge,0,0
6128,double_w,0,0
6129,furen_e_lustario,4,0
6130,holding_axe,0,0
6131,horror_(theme),0,0
6132,jimiko,0,0
6133,junko_(touhou),4,0
6134,licking_another's_face,0,0
6135,luigi's_mansion,0,0
6136,mat,0,0
6137,non-humanoid_robot,0,0
6138,piano,0,0
6139,scathach_(piercing_bunny)_(fate),4,0
6140,yamashiro_(azur_lane),4,0
6141,yozora_mel,4,0
6142,holding_scythe,0,0
6143,no_gloves,0,0
6144,presenting_removed_panties,0,0
6145,red_wine,0,0
6146,satono_diamond_(umamusume),4,0
6147,toaru_kagaku_no_mental_out,0,0
6148,apron_lift,0,0
6149,before_and_after,0,0
6150,black_eyeshadow,0,0
6151,cum_through_clothes,0,0
6152,grey_leotard,0,0
6153,multicolored_halo,0,0
6154,purple_cape,0,0
6155,text_background,0,0
6156,urinal,0,0
6157,fanning_self,0,0
6158,heartbeat,0,0
6159,kashiwazaki_sena,4,0
6160,la+_darknesss_(1st_costume),4,0
6161,maplestory,0,0
6162,mikasa_ackerman,4,0
6163,panty_lift,0,0
6164,pink_pubic_hair,0,0
6165,street_fighter_zero_(series),0,0
6166,superman_(series),0,0
6167,yuuki_(princess_connect!),4,0
6168,aqua_shirt,0,0
6169,bucket_hat,0,0
6170,fireplace,0,0
6171,grey_sailor_collar,0,0
6172,holding_shower_head,0,0
6173,loose_shirt,0,0
6174,lucy_heartfilia,4,0
6175,mitaka_asa,4,0
6176,penis_on_head,0,0
6177,platinum_(arknights),4,0
6178,struggling,0,0
6179,wedding,0,0
6180,yoshizawa_kasumi,4,0
6181,asymmetrical_sidelocks,0,0
6182,fur-trimmed_thighhighs,0,0
6183,lovely_labrynth_of_the_silver_castle,4,0
6184,vertical-striped_jacket,0,0
6185,beckoning,0,0
6186,erza_scarlet,4,0
6187,finger_gun,0,0
6188,flexing,0,0
6189,galleon_(granblue_fantasy),4,0
6190,kotori_(blue_archive),4,0
6191,lipgloss,0,0
6192,mizuhara_chizuru,4,0
6193,nazrin,4,0
6194,pussy_cutout,0,0
6195,serina_(blue_archive),4,0
6196,shorts_aside,0,0
6197,takane_lui_(1st_costume),4,0
6198,unfastened,0,0
6199,brown_nails,0,0
6200,evertale,0,0
6201,o-ring_panties,0,0
6202,oda_nobunaga_(fate),4,0
6203,phantasy_star,0,0
6204,purple_scarf,0,0
6205,red_cloak,0,0
6206,striped_gloves,0,0
6207,utility_belt,0,0
6208,asaka_karin,4,0
6209,battle,0,0
6210,brushing_teeth,0,0
6211,david_martinez,4,0
6212,emma_verde,4,0
6213,hands_on_own_head,0,0
6214,hassan_of_serenity_(fate),4,0
6215,murasaki_shion_(1st_costume),4,0
6216,nagato_(azur_lane),4,0
6217,naked_scarf,0,0
6218,silvervale,4,0
6219,ski_goggles,0,0
6220,two-sided_dress,0,0
6221,ak-15_(girls'_frontline),4,0
6222,captive_bead_ring,0,0
6223,chuunibyou_demo_koi_ga_shitai!,0,0
6224,sauna,0,0
6225,stained_glass,0,0
6226,wolf_boy,0,0
6227,arm_wrap,0,0
6228,backwards_hat,0,0
6229,core_crystal_(xenoblade),0,0
6230,drawing,0,0
6231,evangelion:_3.0+1.0_thrice_upon_a_time,0,0
6232,extended_downblouse,0,0
6233,grey_vest,0,0
6234,hanae_(blue_archive),4,0
6235,blue_brooch,0,0
6236,chitanda_eru,4,0
6237,cocktail,0,0
6238,drawing_tablet,0,0
6239,drinking_straw_in_mouth,0,0
6240,jaguar_ears,0,0
6241,jojo_no_kimyou_na_bouken,0,0
6242,mandarin_orange,0,0
6243,ornate_ring,0,0
6244,scar_on_tail,0,0
6245,strawberry_print,0,0
6246,unconscious,0,0
6247,wrist_wrap,0,0
6248,xuangzang_sanzang_(fate),4,0
6249,androgyne_symbol,0,0
6250,elysia_(miss_pink_elf)_(honkai_impact),4,0
6251,green_sleeves,0,0
6252,just_shoes,0,0
6253,licking_breast,0,0
6254,male_hand,0,0
6255,mizuhashi_parsee,4,0
6256,rooftop,0,0
6257,takamiya_rion,4,0
6258,tsukino_mito,4,0
6259,barefoot_sandals_(jewelry),0,0
6260,blue_bag,0,0
6261,cage,0,0
6262,elesa_(pokemon),4,0
6263,figure,0,0
6264,front-tie_bra,0,0
6265,inugami_korone_(1st_costume),4,0
6266,naked_cloak,0,0
6267,nia_(blade)_(xenoblade),4,0
6268,prinz_heinrich_(azur_lane),4,0
6269,sailor_senshi_uniform,0,0
6270,sen_no_kiseki_i,0,0
6271,anastasia_(idolmaster),4,0
6272,choke_hold,0,0
6273,crow,0,0
6274,diamond_cutout,0,0
6275,marina_(splatoon),4,0
6276,mystia_lorelei,4,0
6277,pearl_bracelet,0,0
6278,ribbon-trimmed_legwear,0,0
6279,sirius_(scorching-hot_seirios)_(azur_lane),4,0
6280,striped_sweater,0,0
6281,ballet,0,0
6282,cowl_neck,0,0
6283,holding_ice_cream,0,0
6284,kureiji_ollie,4,0
6285,makise_kurisu,4,0
6286,misaki_(blue_archive),4,0
6287,scheherazade_(fate),4,0
6288,shark,0,0
6289,vei_(vtuber),4,0
6290,yofukashi_no_uta,0,0
6291,angelina_(arknights),4,0
6292,bunny_day,0,0
6293,byakugan,0,0
6294,gokou_ruri,4,0
6295,high_elf_archer_(goblin_slayer!),4,0
6296,horn_bow,0,0
6297,time_paradox,0,0
6298,two-tone_legwear,0,0
6299,unusually_visible,0,0
6300,yu-gi-oh!_duel_monsters,0,0
6301,ai-chan_(tawawa),4,0
6302,alsace_(azur_lane),4,0
6303,autumn,0,0
6304,cat_ear_legwear,0,0
6305,gamepad,0,0
6306,holding_ladle,0,0
6307,kobayashi_(maidragon),4,0
6308,monsterification,0,0
6309,sukoya_kana,4,0
6310,white_sash,0,0
6311,butterfly-shaped_pupils,0,0
6312,hanami_ume,4,0
6313,head_between_thighs,0,0
6314,kid_icarus_uprising,0,0
6315,letter,0,0
6316,minoto,4,0
6317,smegma,0,0
6318,vending_machine,0,0
6319,winter_coat,0,0
6320,audio_jack,0,0
6321,bead_choker,0,0
6322,bishounen,0,0
6323,candy_cane,0,0
6324,holding_hammer,0,0
6325,holding_person,0,0
6326,hoshino_ruby,4,0
6327,nekomiya_mana,4,0
6328,panties_under_buruma,0,0
6329,robin_(female)_(fire_emblem),4,0
6330,room,0,0
6331,sento_isuzu,4,0
6332,spoken_sweatdrop,0,0
6333,suzuka_gozen_(fate),4,0
6334,the_coffin_of_andy_and_leyley,0,0
6335,two-tone_panties,0,0
6336,yun_jin_(genshin_impact),4,0
6337,asuna_(school_uniform)_(blue_archive),4,0
6338,bad_proportions,0,0
6339,bikini_under_shorts,0,0
6340,castle,0,0
6341,finger_to_own_chin,0,0
6342,penance_(arknights),4,0
6343,qr_code,0,0
6344,stained_clothes,0,0
6345,white_feathers,0,0
6346,winged_helmet,0,0
6347,yae_miko_(fox),4,0
6348,yoshida_yuuko_(machikado_mazoku),4,0
6349,afterglow,0,0
6350,bad_perspective,0,0
6351,butterfly_print,0,0
6352,cheese,0,0
6353,flower_ornament,0,0
6354,frilled_shorts,0,0
6355,graf_zeppelin_(kancolle),4,0
6356,mechabare,0,0
6357,privaty_(nikke),4,0
6358,werewolf,0,0
6359,yahagi_(kancolle),4,0
6360,aunt_and_niece,0,0
6361,bay_(nikke),4,0
6362,brown_scarf,0,0
6363,clownpiece,4,0
6364,hand_on_breast,0,0
6365,holding_jacket,0,0
6366,itan_private_high_school_uniform,0,0
6367,mary_(nikke),4,0
6368,mtu_virus,0,0
6369,rex_(xenoblade),4,0
6370,ruler,0,0
6371,shoulder_holster,0,0
6372,statue,0,0
6373,tate_eboshi,0,0
6374,aoi_(blue_archive),4,0
6375,armbinder,0,0
6376,blue_pajamas,0,0
6377,butterfly_tattoo,0,0
6378,cheek-to-cheek,0,0
6379,gakuran,0,0
6380,holding_paintbrush,0,0
6381,holding_remote_control,0,0
6382,large_horns,0,0
6383,mismatched_sleeves,0,0
6384,off-shoulder_jacket,0,0
6385,purple_belt,0,0
6386,role_reversal,0,0
6387,stealth_masturbation,0,0
6388,teardrop_earrings,0,0
6389,wakamezake,0,0
6390,white_theme,0,0
6391,yasaka_kanako,4,0
6392,cookie_(touhou),0,0
6393,diagonal-striped_necktie,0,0
6394,ganaha_hibiki,4,0
6395,hair_between_breasts,0,0
6396,hoshino_ai,4,0
6397,italian_flag,0,0
6398,jersey,0,0
6399,kirijou_mitsuru,4,0
6400,kousaka_kirino,4,0
6401,lowleg_pants,0,0
6402,pantyhose_under_swimsuit,0,0
6403,ro635_(girls'_frontline),4,0
6404,speaker,0,0
6405,the_legend_of_zelda:_a_link_between_worlds,0,0
6406,bear_girl,0,0
6407,choujigen_game_neptune,0,0
6408,constellation,0,0
6409,cooperative_handjob,0,0
6410,dragon_ball_fighterz,0,0
6411,female_sensei_(blue_archive),4,0
6412,green_neckerchief,0,0
6413,halter_shirt,0,0
6414,on_lap,0,0
6415,project_sekai,0,0
6416,whiskey,0,0
6417,zuikaku_(azur_lane),4,0
6418,bed_invitation,0,0
6419,elphelt_valentine,4,0
6420,hand_under_shirt,0,0
6421,heart-shaped_pubic_hair,0,0
6422,holding_strap,0,0
6423,keyhole,0,0
6424,mandarin_collar,0,0
6425,mouth_pull,0,0
6426,natsuki_subaru,4,0
6427,pawpads,0,0
6428,precum_string,0,0
6429,spiked_shell,0,0
6430,varesa_(genshin_impact),4,0
6431,android_21,4,0
6432,arrow_through_heart,0,0
6433,bad_hands,0,0
6434,cumulonimbus_cloud,0,0
6435,gravel_(arknights),4,0
6436,halftone_background,0,0
6437,hammock,0,0
6438,ikari_shinji,4,0
6439,pine_(bombergirl),4,0
6440,pirate,0,0
6441,unworn_helmet,0,0
6442,arms_between_legs,0,0
6443,bodice,0,0
6444,buttjob_over_clothes,0,0
6445,checkered_background,0,0
6446,fire_emblem:_genealogy_of_the_holy_war,0,0
6447,fluffy_hair,0,0
6448,head_chain,0,0
6449,melody_(projektmelody),4,0
6450,pamiat_merkuria_(azur_lane),4,0
6451,police_badge,0,0
6452,purple_collar,0,0
6453,sadism,0,0
6454,small_sweatdrop,0,0
6455,sticky_note,0,0
6456,triplets,0,0
6457,zeta_(granblue_fantasy),4,0
6458,aikatsu!_(series),0,0
6459,assault_visor,0,0
6460,blue_nipples,0,0
6461,blue_tank_top,0,0
6462,cleaning_&_clearing_(blue_archive),0,0
6463,fallen_down,0,0
6464,frying_pan,0,0
6465,galaxy_expedition_team_survey_corps_uniform,0,0
6466,hiyori_(swimsuit)_(blue_archive),4,0
6467,robot_ears,0,0
6468,saten_ruiko,4,0
6469,shinmai_maou_no_testament,0,0
6470,shoulder_boards,0,0
6471,spiked_halo,0,0
6472,spread_navel,0,0
6473,talking_on_phone,0,0
6474,team_rocket,0,0
6475,ushio_(kancolle),4,0
6476,ass_on_glass,0,0
6477,bandaid_on_thigh,0,0
6478,byleth_(male)_(fire_emblem),4,0
6479,chel_(the_road_to_el_dorado),4,0
6480,crazy_smile,0,0
6481,helena_blavatsky_(fate),4,0
6482,helltaker_(character),4,0
6483,juice_box,0,0
6484,mole_on_crotch,0,0
6485,multicolored_fur,0,0
6486,phantasy_star_online_2,0,0
6487,red_bag,0,0
6488,soulcalibur,0,0
6489,the_road_to_el_dorado,0,0
6490,aisaka_taiga,4,0
6491,arm_armor,0,0
6492,boku_no_kokoro_no_yabai_yatsu,0,0
6493,changing_room,0,0
6494,eunie_(xenoblade),4,0
6495,furrification,0,0
6496,holographic_interface,0,0
6497,m16a1_(girls'_frontline),4,0
6498,orange_skin,0,0
6499,soap_bottle,0,0
6500,sukeban_(smg)_(blue_archive),4,0
6501,wide_ponytail,0,0
6502,xiao_(genshin_impact),4,0
6503,yellow_vest,0,0
6504,yorumi_rena,4,0
6505,holding_bowl,0,0
6506,milking_handjob,0,0
6507,on_stool,0,0
6508,park_bench,0,0
6509,power_lines,0,0
6510,psylocke,4,0
6511,rotom,4,0
6512,ssrb_(shishiro_botan),4,0
6513,suppressor,0,0
6514,tiamat_(fate),4,0
6515,deer_girl,0,0
6516,fiery_hair,0,0
6517,fu_hua,4,0
6518,kagamine_rin,4,0
6519,muffin_top,0,0
6520,reflective_water,0,0
6521,torn_sleeves,0,0
6522,wheelchair,0,0
6523,zen'in_maki,4,0
6524,holding_own_leg,0,0
6525,hoshiguma_yuugi,4,0
6526,microphone_stand,0,0
6527,mole_above_eye,0,0
6528,mori_calliope_(streetwear),4,0
6529,robot_girl,0,0
6530,shirogane_noel_(casual),4,0
6531,thinking,0,0
6532,thorns,0,0
6533,torn,0,0
6534,unamused,0,0
6535,vikala_(granblue_fantasy),4,0
6536,cherry_blossom_print,0,0
6537,cross-laced_dress,0,0
6538,feet_only,0,0
6539,himejima_akeno,4,0
6540,kamisato_clan_(emblem),0,0
6541,leotard_peek,0,0
6542,makaino_ririmu,4,0
6543,marina_(blue_archive),4,0
6544,no_humans,0,0
6545,planet_hair_ornament,0,0
6546,prisma_illya,4,0
6547,rensouhou-chan,4,0
6548,sessyoin_kiara_(swimsuit_mooncancer),4,0
6549,single_bridal_gauntlet,0,0
6550,unsheathing,0,0
6551,unworn_necktie,0,0
6552,adjusting_leotard,0,0
6553,arcueid_brunestud,4,0
6554,asutora-chan,4,0
6555,atalanta_(fate),4,0
6556,bikini_around_one_leg,0,0
6557,distorted_halo,0,0
6558,dougi,0,0
6559,dreaming,0,0
6560,energy_drink,0,0
6561,footwear_bow,0,0
6562,hifumi_(swimsuit)_(blue_archive),4,0
6563,mixed-language_text,0,0
6564,multicolored_wings,0,0
6565,princess,0,0
6566,sheffield_(azur_lane),4,0
6567,yellow_camisole,0,0
6568,yuigahama_yui,4,0
6569,arcane:_league_of_legends,0,0
6570,bowser,4,0
6571,daiyousei,4,0
6572,false_smile,0,0
6573,mordred_(swimsuit_rider)_(fate),4,0
6574,padlocked_collar,0,0
6575,pocket_watch,0,0
6576,sakura_kyoko,4,0
6577,serizawa_asahi,4,0
6578,tent,0,0
6579,weighing_scale,0,0
6580,ashley_graham,4,0
6581,black_tiara,0,0
6582,cross-eyed,0,0
6583,highschool_of_the_dead,0,0
6584,shigure_(hot_spring)_(blue_archive),4,0
6585,shiroko_(cycling)_(blue_archive),4,0
6586,tusks,0,0
6587,2b_(nier:automata)_(cosplay),0,0
6588,bikini_top_aside,0,0
6589,boa_hancock,4,0
6590,bow_legwear,0,0
6591,calvin_klein,0,0
6592,champion's_tunic_(zelda),0,0
6593,fetal_position,0,0
6594,grey_fur,0,0
6595,himmel_(sousou_no_frieren),4,0
6596,kaela_kovalskia,4,0
6597,letter_hair_ornament,0,0
6598,necktie_grab,0,0
6599,orange_bodysuit,0,0
6600,oversized_object,0,0
6601,perseus_(azur_lane),4,0
6602,slapping,0,0
6603,wrestling,0,0
6604,among_us,0,0
6605,arima_kana,4,0
6606,back-seamed_legwear,0,0
6607,black_scales,0,0
6608,braided_sidelock,0,0
6609,carmilla_(fate),4,0
6610,cecilia_immergreen,4,0
6611,comiket_102,0,0
6612,covered_pussy,0,0
6613,crotch_plate,0,0
6614,dialogue_box,0,0
6615,in-franchise_crossover,0,0
6616,male_playboy_bunny,0,0
6617,medb_(fate),4,0
6618,shimakaze-kun,4,0
6619,stuffed_shark,0,0
6620,sweater_tucked_in,0,0
6621,wolf,0,0
6622,aiming_at_viewer,0,0
6623,arm_cannon,0,0
6624,crocodilian_tail,0,0
6625,cum_on_fingers,0,0
6626,frontal_wedgie,0,0
6627,hanfu,0,0
6628,hoshiguma_(arknights),4,0
6629,juliana_(pokemon),4,0
6630,maekawa_miku,4,0
6631,malenia_blade_of_miquella,4,0
6632,murakumo_(kancolle),4,0
6633,plastic_bottle,0,0
6634,two-tone_headwear,0,0
6635,uzumaki_naruto,4,0
6636,visible_air,0,0
6637,yang_guifei_(fate),4,0
6638,anti-materiel_rifle,0,0
6639,arm_above_head,0,0
6640,bloop_(gawr_gura),4,0
6641,blue_sclera,0,0
6642,brown-framed_eyewear,0,0
6643,brown_choker,0,0
6644,d-pad,0,0
6645,ear_ribbon,0,0
6646,fur-trimmed_boots,0,0
6647,holding_brush,0,0
6648,imminent_gangbang,0,0
6649,neon_lights,0,0
6650,tri_tails,0,0
6651,akiyama_mio,4,0
6652,black_clover,0,0
6653,green_scrunchie,0,0
6654,human_stacking,0,0
6655,ijichi_seika,4,0
6656,jacket_over_swimsuit,0,0
6657,kote,0,0
6658,linked_collar,0,0
6659,mouse_(animal),0,0
6660,onozuka_komachi,4,0
6661,oumae_kumiko,4,0
6662,shinosawa_hiro,4,0
6663,striped_scarf,0,0
6664,air_conditioner,0,0
6665,chloe_(princess_connect!),4,0
6666,condensation,0,0
6667,desert,0,0
6668,fingering_from_behind,0,0
6669,houshou_(kancolle),4,0
6670,houshou_marine_(nun),4,0
6671,ibaraki_douji_(fate),4,0
6672,ibaraki_kasen,4,0
6673,single_bare_foot,0,0
6674,single_bare_leg,0,0
6675,yanami_anna,4,0
6676,airi_(blue_archive),4,0
6677,baby,0,0
6678,black_hands,0,0
6679,cleanup_fellatio,0,0
6680,diagonal_stripes,0,0
6681,dorothea_arnault,4,0
6682,fate/extella,0,0
6683,fire_emblem:_mystery_of_the_emblem,0,0
6684,fish_hair_ornament,0,0
6685,hair_over_one_breast,0,0
6686,kiseru,0,0
6687,leather_boots,0,0
6688,massage,0,0
6689,naked_dogeza,0,0
6690,penis_tentacle,0,0
6691,pink_horns,0,0
6692,prehensile_hair,0,0
6693,shoukaku_(azur_lane),4,0
6694,alear_(fire_emblem),4,0
6695,frilled_hat,0,0
6696,gibson_les_paul,0,0
6697,holding_pregnancy_test,0,0
6698,inkling_player_character,4,0
6699,pink_fur,0,0
6700,projected_inset,0,0
6701,purple_sky,0,0
6702,rimuru_tempest,4,0
6703,swimming,0,0
6704,tree_horns,0,0
6705,uranohoshi_school_uniform,0,0
6706,volleyball_net,0,0
6707,assault_lily,0,0
6708,clothes_between_thighs,0,0
6709,douki-chan_(douki-chan),4,0
6710,felicia_(darkstalkers),4,0
6711,foreplay,0,0
6712,nakano_azusa,4,0
6713,nyantype,0,0
6714,oekaki,0,0
6715,taihou_(temptation_on_the_sea_breeze)_(azur_lane),4,0
6716,takemi_tae,4,0
6717,adventure_time,0,0
6718,athletic_leotard,0,0
6719,bikini_tug,0,0
6720,cleaning,0,0
6721,cleveland_(azur_lane),4,0
6722,dakimakura_(object),0,0
6723,glass_bottle,0,0
6724,iced_latte_with_breast_milk_(meme),0,0
6725,pillory,0,0
6726,plaid_panties,0,0
6727,screen,0,0
6728,suou_yuki,4,0
6729,weasel_tail,0,0
6730,blemishine_(arknights),4,0
6731,blood_from_mouth,0,0
6732,chest_of_drawers,0,0
6733,grabbing_own_thigh,0,0
6734,writing,0,0
6735,ayunda_risu,4,0
6736,broom_riding,0,0
6737,christian_louboutin_(brand),0,0
6738,konoe_kanata,4,0
6739,mobius_(honkai_impact),4,0
6740,patchwork_skin,0,0
6741,saria_(arknights),4,0
6742,sekibanki,4,0
6743,shaved_ice,0,0
6744,snapchat,0,0
6745,starry_sky_print,0,0
6746,very_long_tongue,0,0
6747,admiral_hipper_(azur_lane),4,0
6748,bat_ears,0,0
6749,cupless_bikini,0,0
6750,dildo_under_clothes,0,0
6751,fur-trimmed_bikini,0,0
6752,genderswap_(otf),0,0
6753,inui_toko,4,0
6754,monster_boy,0,0
6755,pointing_up,0,0
6756,rizu-kyun,4,0
6757,shooting_star,0,0
6758,tag,0,0
6759,talons,0,0
6760,whale_tail_(clothing),0,0
6761,blue_fur,0,0
6762,clothes,0,0
6763,dragon_ball_(classic),0,0
6764,fullmetal_alchemist,0,0
6765,fur-trimmed_skirt,0,0
6766,mysterious_heroine_x_alter_(fate),4,0
6767,object_on_breast,0,0
6768,pursed_lips,0,0
6769,ribbon_between_breasts,0,0
6770,akebono_(kancolle),4,0
6771,aroused_nosebleed,0,0
6772,bird_legs,0,0
6773,black_bikini_bottom,0,0
6774,egyptian_mythology,0,0
6775,fantastic_four,0,0
6776,holding_footwear,0,0
6777,mechanical_ears,0,0
6778,miia_(monster_musume),4,0
6779,naked_overalls,0,0
6780,pink_sleeves,0,0
6781,problem_solver_68_(blue_archive),0,0
6782,senran_kagura_shoujo-tachi_no_shin'ei,0,0
6783,skirt_rolled_up,0,0
6784,weights,0,0
6785,blue_overalls,0,0
6786,dog_boy,0,0
6787,fourth_wall,0,0
6788,multiple_scars,0,0
6789,penis_in_panties,0,0
6790,rudeus_greyrat,4,0
6791,starry_hair,0,0
6792,vial,0,0
6793,waistcoat,0,0
6794,whip_marks,0,0
6795,anchovy_(girls_und_panzer),4,0
6796,bishoujo_mangekyou_(series),0,0
6797,christmas_present,0,0
6798,euryale_(fate),4,0
6799,hooded_capelet,0,0
6800,kalashnikov_rifle,0,0
6801,ling_(arknights),4,0
6802,nanakusa_nazuna_(yofukashi_no_uta),4,0
6803,paint_splatter,0,0
6804,paper_bag,0,0
6805,rindou_mikoto,4,0
6806,sideways,0,0
6807,spoken_object,0,0
6808,sui-feng,4,0
6809,taihou_(sweet_time_after_school)_(azur_lane),4,0
6810,tri_braids,0,0
6811,x,0,0
6812,|_|,0,0
6813,carried_breast_rest,0,0
6814,gradient_horns,0,0
6815,green_pupils,0,0
6816,halloween_bucket,0,0
6817,hospital_bed,0,0
6818,kusazuri,0,0
6819,lace_gloves,0,0
6820,new_jersey_(exhilarating_steps!)_(azur_lane),4,0
6821,sennen_sensou_aigis,0,0
6822,zenobia_(fate),4,0
6823,dota_(series),0,0
6824,dota_2,0,0
6825,orange_dress,0,0
6826,pochita_(chainsaw_man),4,0
6827,shoulder_spikes,0,0
6828,starfire,4,0
6829,treasure_chest,0,0
6830,akatsuki_kirika,4,0
6831,ayase_seiko,4,0
6832,blue_hood,0,0
6833,cuddling_handjob,0,0
6834,eraser,0,0
6835,kama_(swimsuit_avenger)_(fate),4,0
6836,kamishirasawa_keine,4,0
6837,red_hoodie,0,0
6838,side_ahoge,0,0
6839,stiletto_(weapon),0,0
6840,torn_jeans,0,0
6841,watching,0,0
6842,bobby_socks,0,0
6843,bored,0,0
6844,brown_hairband,0,0
6845,cheek_poking,0,0
6846,double_vertical_stripe,0,0
6847,grey_border,0,0
6848,jean_bart_(azur_lane),4,0
6849,leafa_(sao),4,0
6850,m4_sopmod_ii_(girls'_frontline),4,0
6851,multiple_anal,0,0
6852,pinstripe_jacket,0,0
6853,rumi_(blue_archive),4,0
6854,spatula,0,0
6855,stove,0,0
6856,sunazuka_akira,4,0
6857,surprise_kiss,0,0
6858,utage_(summer_flowers)_(arknights),4,0
6859,vivian_(zenless_zone_zero),4,0
6860,comiket_103,0,0
6861,gap_(touhou),0,0
6862,gold_coin,0,0
6863,makoto_(princess_connect!),4,0
6864,mechanical_wings,0,0
6865,melony_(pokemon),4,0
6866,sonoda_umi,4,0
6867,starry_background,0,0
6868,trash_bag,0,0
6869,what,0,0
6870,whisk,0,0
6871,yuri_(doki_doki_literature_club),4,0
6872,z3_max_schultz_(kancolle),4,0
6873,at_computer,0,0
6874,d-pad_hair_ornament,0,0
6875,devil_may_cry_(series),0,0
6876,dirty_face,0,0
6877,egg_laying,0,0
6878,flower_pot,0,0
6879,four-leaf_clover,0,0
6880,giving,0,0
6881,grey_bodysuit,0,0
6882,hogtie,0,0
6883,kemono_friends_3,0,0
6884,liquid,0,0
6885,makoto_(blue_archive),4,0
6886,marianne_von_edmund,4,0
6887,mio_(xenoblade),4,0
6888,mogador_(azur_lane),4,0
6889,okumura_haru,4,0
6890,pink_pantyhose,0,0
6891,reverse_netorare,0,0
6892,skirt_caught_on_object,0,0
6893,spread_fingers,0,0
6894,toy,0,0
6895,yamada_anna,4,0
6896,anchorage_(azur_lane),4,0
6897,angel_(kof),4,0
6898,atago_(summer_march)_(azur_lane),4,0
6899,dark_souls_iii,0,0
6900,folded_clothes,0,0
6901,german_flag,0,0
6902,holding_sheath,0,0
6903,lipstick_mark_on_testicles,0,0
6904,mature_male,0,0
6905,panties_around_one_ankle,0,0
6906,photo_inset,0,0
6907,tube_dress,0,0
6908,bache_(azur_lane),4,0
6909,brown_collar,0,0
6910,bursting_ass,0,0
6911,chapayev_(azur_lane),4,0
6912,coca-cola,0,0
6913,danganronpa_2:_goodbye_despair,0,0
6914,fishing_rod,0,0
6915,fishnet_sleeves,0,0
6916,jeanne_d'arc_(swimsuit_archer)_(second_ascension)_(fate),4,0
6917,lily_pad,0,0
6918,one_finger_selfie_challenge_(meme),0,0
6919,orange_sweater,0,0
6920,respirator,0,0
6921,shirogane_noel_(summer_2020),4,0
6922,standing_cunnilingus,0,0
6923,artoria_pendragon_(lancer_alter)_(royal_icing)_(fate),4,0
6924,ashley_graves,4,0
6925,buttoned_cuffs,0,0
6926,chainsaw,0,0
6927,covering_ass,0,0
6928,dreadlocks,0,0
6929,grey_camisole,0,0
6930,honoka_(doa),4,0
6931,if_they_mated,0,0
6932,naga_(nikke),4,0
6933,neon_(nikke),4,0
6934,orange_footwear,0,0
6935,plaid_dress,0,0
6936,scarlet_(nikke),4,0
6937,sela_(23),4,0
6938,spasm,0,0
6939,tassel_choker,0,0
6940,winged_hat,0,0
6941,xd,0,0
6942,akagi_(kancolle),4,0
6943,chat_log,0,0
6944,cross-laced_bikini,0,0
6945,dudou,0,0
6946,footprints,0,0
6947,hammann_(azur_lane),4,0
6948,hexagram,0,0
6949,hood_(azur_lane),4,0
6950,hoshimachi_suisei_(school_uniform),4,0
6951,map,0,0
6952,open_window,0,0
6953,swire_(arknights),4,0
6954,sylphiette_(mushoku_tensei),4,0
6955,tight_shirt,0,0
6956,white_bag,0,0
6957,applying_makeup,0,0
6958,elma_(maidragon),4,0
6959,fighting,0,0
6960,full-body_tattoo,0,0
6961,grease_(mechanical),0,0
6962,jack-o'_valentine,4,0
6963,kanna_kamui,4,0
6964,leaning_on_table,0,0
6965,mother_(yoru_mac),4,0
6966,removing_bra,0,0
6967,sue_storm,4,0
6968,super_sonico,4,0
6969,yorick_(shiori_novella),4,0
6970,barbell,0,0
6971,death,0,0
6972,iron_blood_(emblem),0,0
6973,isshiki_iroha,4,0
6974,jaguar_tail,0,0
6975,messy,0,0
6976,pancake,0,0
6977,ringo-chan_(otokuyou),4,0
6978,bubble_tea_challenge,0,0
6979,canopy_bed,0,0
6980,contrast,0,0
6981,fire_emblem:_radiant_dawn,0,0
6982,forward_facing_horns,0,0
6983,fusion,0,0
6984,gyaruo,0,0
6985,handstand,0,0
6986,jessica_(arknights),4,0
6987,leather_pants,0,0
6988,light_purple_hair,0,0
6989,peni_parker,4,0
6990,ramune,0,0
6991,samurai_jacket_(cyberpunk),0,0
6992,shimakaze_(azur_lane),4,0
6993,tour_guide,0,0
6994,turnaround,0,0
6995,yellow_hat,0,0
6996,black_eyeliner,0,0
6997,bound_torso,0,0
6998,clover_hair_ornament,0,0
6999,fire_emblem_echoes:_shadows_of_valentia,0,0
7000,long_earlobes,0,0
7001,male_swimwear_challenge,0,0
7002,naoko_(lynus),4,0
7003,psychic,0,0
7004,revy_(black_lagoon),4,0
7005,sensei_(blue_archive_the_animation),4,0
7006,siren_(azur_lane),0,0
7007,stick,0,0
7008,stuffed_cat,0,0
7009,tailjob,0,0
7010,taker_pov,0,0
7011,tank,0,0
7012,through_medium,0,0
7013,totoki_airi,4,0
7014,crescent_pin,0,0
7015,double_fox_shadow_puppet,0,0
7016,floating_headgear,0,0
7017,humanoid_robot,0,0
7018,kaine_(nier),4,0
7019,ohisashiburi_(style),0,0
7020,print_swimsuit,0,0
7021,purple_heart_(neptunia),4,0
7022,red_armor,0,0
7023,reverse_nursing_handjob,0,0
7024,shaking,0,0
7025,souryuu_(kancolle),4,0
7026,spider_lily,0,0
7027,suomi_(girls'_frontline),4,0
7028,torn_bike_shorts,0,0
7029,two-tone_footwear,0,0
7030,camellya_(wuthering_waves),4,0
7031,doyagao,0,0
7032,elizabeth_rose_bloodflame,4,0
7033,epic_seven,0,0
7034,fanged_bangs,0,0
7035,mori_calliope_(sleepwear),4,0
7036,orange_bowtie,0,0
7037,resident_evil_4_(remake),0,0
7038,silver_trim,0,0
7039,surrounded,0,0
7040,takanashi_kiara_(casual),4,0
7041,tape_bondage,0,0
7042,the_king_of_fighters_xv,0,0
7043,ankha_(animal_crossing),4,0
7044,bath_stool,0,0
7045,breast_poke,0,0
7046,dead_or_alive_xtreme,0,0
7047,houshou_marine_(marching_band),4,0
7048,m4_carbine,0,0
7049,mon-musu_quest!,0,0
7050,no_wings,0,0
7051,orange_fur,0,0
7052,paralyzer,0,0
7053,plaid_necktie,0,0
7054,player_character_(wow),4,0
7055,studded_collar,0,0
7056,surtr_(colorful_wonderland)_(arknights),4,0
7057,tile_ceiling,0,0
7058,wall_clock,0,0
7059,brown_ribbon,0,0
7060,cave,0,0
7061,hozuki_kaede,4,0
7062,jinhsi_(wuthering_waves),4,0
7063,kessoku_band,0,0
7064,lysithea_von_ordelia,4,0
7065,round_window,0,0
7066,sand_sculpture,0,0
7067,sparkle_background,0,0
7068,studded_bracelet,0,0
7069,thread,0,0
7070,ass_freckles,0,0
7071,box_tie,0,0
7072,clock_eyes,0,0
7073,dungeon,0,0
7074,echidna_(re:zero),4,0
7075,fat_rolls,0,0
7076,ferry_(granblue_fantasy),4,0
7077,indomitable_(ms._motivationless_maid)_(azur_lane),4,0
7078,kasumi_(blue_archive),4,0
7079,kisaragi_chihaya,4,0
7080,navel_focus,0,0
7081,nier,0,0
7082,shorts_tan,0,0
7083,starbucks,0,0
7084,takebe_saori,4,0
7085,unworn_pants,0,0
7086,wa_maid,0,0
7087,yoga_mat,0,0
7088,akame_ga_kill!,0,0
7089,blue_camisole,0,0
7090,cheek_squash,0,0
7091,color_guide,0,0
7092,electrical_outlet,0,0
7093,hindenburg_(delirious_duel)_(azur_lane),4,0
7094,orange_halo,0,0
7095,pov_across_bed,0,0
7096,road_sign,0,0
7097,shining_(arknights),4,0
7098,waist_bow,0,0
7099,winged_halo,0,0
7100,yellow_choker,0,0
7101,gorget,0,0
7102,hata_no_kokoro,4,0
7103,kaeya_(genshin_impact),4,0
7104,kujikawa_rise,4,0
7105,nanashi_inc.,0,0
7106,ranma-chan,4,0
7107,shiomi_syuko,4,0
7108,unsheathed,0,0
7109,you're_doing_it_wrong,0,0
7110,;3,0,0
7111,azur_lane:_slow_ahead,0,0
7112,double_strap_slip,0,0
7113,hands_on_another's_chest,0,0
7114,hinata_(swimsuit)_(blue_archive),4,0
7115,houshou_marine_(businesswoman),4,0
7116,hyakumantenbara_salome,4,0
7117,infinite_stratos,0,0
7118,inverted_bob,0,0
7119,kousaka_reina,4,0
7120,ofuda_on_pussy,0,0
7121,orange_horns,0,0
7122,pelvic_curtain_aside,0,0
7123,quill,0,0
7124,sandwich,0,0
7125,amami_haruka,4,0
7126,centaur,0,0
7127,eternal_return:_black_survival,0,0
7128,ghost_pose,0,0
7129,hojo_karen,4,0
7130,holding_pencil,0,0
7131,horn_hairband,0,0
7132,jakuzure_nonon,4,0
7133,mahou_tsukai_no_yoru,0,0
7134,mimic,0,0
7135,miyashita_ai,4,0
7136,monster_hunter_(character),4,0
7137,pomu_rainpuff,4,0
7138,raiden_mei_(herrscher_of_thunder),4,0
7139,rotom_phone,4,0
7140,sister_claire_(1st_costume),4,0
7141,soda_bottle,0,0
7142,toilet_use,0,0
7143,washing,0,0
7144,yu-gi-oh!_gx,0,0
7145,ass_smack,0,0
7146,blind,0,0
7147,brown_dust_(series),0,0
7148,caution_tape,0,0
7149,delinquent,0,0
7150,different_reflection,0,0
7151,disembodied_head,0,0
7152,ganondorf,4,0
7153,griffin_&_kryuger_military_uniform,0,0
7154,hand_rest,0,0
7155,klara_(pokemon),4,0
7156,kuroinu_~kedakaki_seijo_wa_hakudaku_ni_somaru~,0,0
7157,noire_(neptunia),4,0
7158,noshiro_(azur_lane),4,0
7159,pink_socks,0,0
7160,red_hood,0,0
7161,red_tank_top,0,0
7162,sarashina_ruka,4,0
7163,tomo-chan_wa_onna_no_ko,0,0
7164,akiyama_yukari,4,0
7165,dress_flower,0,0
7166,fate/grand_order_arcade,0,0
7167,final_fantasy_vii_rebirth,0,0
7168,fingers_together,0,0
7169,glowing_weapon,0,0
7170,hand_on_thigh,0,0
7171,holding_chain,0,0
7172,kissing_neck,0,0
7173,meowscarada,4,0
7174,o3o,0,0
7175,oozora_subaru_(1st_costume),4,0
7176,pond,0,0
7177,removing_jacket,0,0
7178,saijo_juri,4,0
7179,senpai_ga_uzai_kouhai_no_hanashi,0,0
7180,shiny_pokemon,0,0
7181,shirogane_noel_(1st_costume),4,0
7182,shizuka_rin,4,0
7183,single_drill,0,0
7184,spas-12_(girls'_frontline),4,0
7185,spoken_expression,0,0
7186,taihou_(seaside_daydreams)_(azur_lane),4,0
7187,tsuujou_kougeki_ga_zentai_kougeki_de_ni-kai_kougeki_no_okaasan_wa_suki_desu_ka?,0,0
7188,bouncing_testicles,0,0
7189,convenience_store,0,0
7190,fishnet_bodysuit,0,0
7191,gaki_kyonyuu,0,0
7192,hands_on_another's_stomach,0,0
7193,holding_shirt,0,0
7194,log_pose,0,0
7195,massachusetts_(azur_lane),4,0
7196,panda_ears,0,0
7197,pendant_collar,0,0
7198,pointing_at_another,0,0
7199,shirobako,0,0
7200,shoukaku_(kancolle),4,0
7201,single_boot,0,0
7202,spreading_another's_pussy,0,0
7203,white_sarong,0,0
7204,wire,0,0
7205,wringing_clothes,0,0
7206,yamakaze_(kancolle),4,0
7207,bandage_over_one_eye,0,0
7208,bandaged_chest,0,0
7209,bite_mark_on_breast,0,0
7210,black_undershirt,0,0
7211,boxing_gloves,0,0
7212,checkered_necktie,0,0
7213,dumbbell_nan_kilo_moteru?,0,0
7214,enemy_naval_mine_(kancolle),4,0
7215,etna_(disgaea),4,0
7216,flower_field,0,0
7217,holding_scissors,0,0
7218,holly,0,0
7219,kasumi_(kancolle),4,0
7220,konohagakure_symbol,0,0
7221,newhalf_with_female,0,0
7222,nose_ring,0,0
7223,rapier,0,0
7224,rice,0,0
7225,birthday,0,0
7226,cat_ear_hairband,0,0
7227,cum_on_armpits,0,0
7228,cunnilingus_through_clothes,0,0
7229,front-to-back,0,0
7230,gradient_dress,0,0
7231,gwen_(league_of_legends),4,0
7232,kotori_(cheer_squad)_(blue_archive),4,0
7233,lyrical_nanoha,0,0
7234,multiple_drawing_challenge,0,0
7235,quiver,0,0
7236,rizu-kyun_(cosplay),0,0
7237,shrine,0,0
7238,weasel_girl,0,0
7239,a-chan_(hololive),4,0
7240,brown_halo,0,0
7241,columbina_(genshin_impact),4,0
7242,dark_souls_i,0,0
7243,holding_pendulum,0,0
7244,holding_sack,0,0
7245,kizuna_ai_inc.,0,0
7246,oosuki_mamako,4,0
7247,print_jacket,0,0
7248,print_skirt,0,0
7249,reverse_footjob,0,0
7250,running_track,0,0
7251,st_ar-15_(girls'_frontline),4,0
7252,strike_the_blood,0,0
7253,thigh_focus,0,0
7254,ancient_greek_clothes,0,0
7255,baltimore_(finish_line_flagbearer)_(azur_lane),4,0
7256,extra_penises,0,0
7257,flame-tipped_tail,0,0
7258,gorou_(genshin_impact),4,0
7259,green_capelet,0,0
7260,hanging_legs,0,0
7261,inkling_girl,4,0
7262,joshi_kousei_rich_thots,0,0
7263,karakai_jouzu_no_takagi-san,0,0
7264,ladder,0,0
7265,minato_aqua_(1st_costume),4,0
7266,o-ring_belt,0,0
7267,painted_clothes,0,0
7268,pinup_(style),0,0
7269,shoujo_kageki_revue_starlight,0,0
7270,vyugen,0,0
7271,basketball,0,0
7272,bat_girl,0,0
7273,cable_tail,0,0
7274,caitlyn_(league_of_legends),4,0
7275,checkered_skirt,0,0
7276,feater_(arknights),4,0
7277,grey_bow,0,0
7278,hecatia_lapislazuli,4,0
7279,leg_armor,0,0
7280,lizard_tail,0,0
7281,megaphone,0,0
7282,oozora_subaru_(work),4,0
7283,pecorine_(summer)_(princess_connect!),4,0
7284,piper_wheel,4,0
7285,pizza_box,0,0
7286,purple_tongue,0,0
7287,ribbed_panties,0,0
7288,skates,0,0
7289,t-back,0,0
7290,tenjouin_asuka,4,0
7291,through_screen,0,0
7292,unworn_footwear,0,0
7293,buck_teeth,0,0
7294,butterfly_wings,0,0
7295,debris,0,0
7296,fur-trimmed_shorts,0,0
7297,grey_tail,0,0
7298,halter_leotard,0,0
7299,kalina_(girls'_frontline),4,0
7300,kizuna_ai,4,0
7301,large_ears,0,0
7302,mimic_chest,0,0
7303,okita_souji_alter_(fate),4,0
7304,qingxin_flower,0,0
7305,see-through_sarong,0,0
7306,tamamo_cat_(fate),4,0
7307,tied_jacket,0,0
7308,undertale,0,0
7309,asuka_(senran_kagura),4,0
7310,chen_hai_(azur_lane),4,0
7311,mask_around_neck,0,0
7312,mine_(blue_archive),4,0
7313,monkey_tail,0,0
7314,mount_lady,4,0
7315,paper_on_head,0,0
7316,patterned_background,0,0
7317,plate_armor,0,0
7318,shishiro_botan_(button-down),4,0
7319,strapless_bottom,0,0
7320,uesugi_fuutarou,4,0
7321,yellow_headwear,0,0
7322,aqua_halo,0,0
7323,brown_cape,0,0
7324,circle_facial_mark,0,0
7325,cross-laced_cutout,0,0
7326,falin_touden_(tallman),4,0
7327,ghost_costume,0,0
7328,half-erect,0,0
7329,long_toenails,0,0
7330,minami_kotori,4,0
7331,no_eyepatch,0,0
7332,poke_ball_symbol,0,0
7333,quad_tails,0,0
7334,accidental_pervert,0,0
7335,azuma_(azur_lane),4,0
7336,brown_dust_2,0,0
7337,collared_coat,0,0
7338,colored_eyepatch,0,0
7339,goggles_on_headwear,0,0
7340,gundam_build_fighters_try,0,0
7341,kiran_(fire_emblem),4,0
7342,knife_sheath,0,0
7343,menu,0,0
7344,needle,0,0
7345,otonokizaka_school_uniform,0,0
7346,pizza_slice,0,0
7347,pokemon_lgpe,0,0
7348,roots_(hair),0,0
7349,saori_(swimsuit)_(blue_archive),4,0
7350,scissorhold,0,0
7351,stitched_face,0,0
7352,v_over_mouth,0,0
7353,ange_katrina,4,0
7354,arataki_itto,4,0
7355,breast_awe,0,0
7356,cross_print,0,0
7357,diving_suit,0,0
7358,dorothy_(nikke),4,0
7359,elizabeth_bathory_(fate/extra_ccc),4,0
7360,fog,0,0
7361,fur-trimmed_hood,0,0
7362,gold_ship_(umamusume),4,0
7363,hare_(blue_archive),4,0
7364,izumi_konata,4,0
7365,lace-trimmed_garter_belt,0,0
7366,leopard_ears,0,0
7367,multiple_straps,0,0
7368,palms,0,0
7369,penny_(pokemon),4,0
7370,pink_headphones,0,0
7371,pink_track_suit,0,0
7372,richelieu_(azur_lane),4,0
7373,roboco-san,4,0
7374,shiki_eiki,4,0
7375,tomato,0,0
7376,toyokawa_fuka,4,0
7377,armored_core,0,0
7378,baozi,0,0
7379,broken_glass,0,0
7380,chest_hair,0,0
7381,cleave_gag,0,0
7382,closers,0,0
7383,cross-laced_slit,0,0
7384,elbe_(azur_lane),4,0
7385,fate/prototype:_fragments_of_blue_and_silver,0,0
7386,fox_hair_ornament,0,0
7387,glitter_dress,0,0
7388,grey_horns,0,0
7389,gumroad_logo,0,0
7390,hands_on_another's_cheeks,0,0
7391,head_pinned_down,0,0
7392,ichikawa_hinana,4,0
7393,inflatable_raft,0,0
7394,kurosawa_dia,4,0
7395,licking_another's_neck,0,0
7396,limiter_(tsukumo_sana),0,0
7397,orange_neckerchief,0,0
7398,orange_slice,0,0
7399,ots-14_(girls'_frontline),4,0
7400,skadi_the_corrupting_heart_(arknights),4,0
7401,tomoe_gozen_(swimsuit_saber)_(fate),4,0
7402,torpedo,0,0
7403,vertical-striped_skirt,0,0
7404,elfheim,0,0
7405,kirino_(blue_archive),4,0
7406,miyu_(swimsuit)_(blue_archive),4,0
7407,neuvillette_(genshin_impact),4,0
7408,oshiete!_galko-chan,0,0
7409,polo_shirt,0,0
7410,potion,0,0
7411,sleeping_on_person,0,0
7412,takami_chika,4,0
7413,toe_seam,0,0
7414,tokarev_(girls'_frontline),4,0
7415,trying_on_clothes,0,0
7416,visor_(armor),0,0
7417,vrchat,0,0
7418,alear_(female)_(fire_emblem),4,0
7419,carmine_(pokemon),4,0
7420,foster's_home_for_imaginary_friends,0,0
7421,hand_on_own_penis,0,0
7422,katou_megumi,4,0
7423,makinami_mari_illustrious,4,0
7424,mercedes_von_martritz,4,0
7425,neo_politan,4,0
7426,pov_across_table,0,0
7427,rei_no_pool,0,0
7428,see-through_bra,0,0
7429,sex_toy_pull,0,0
7430,soulworker,0,0
7431,takagi-san,4,0
7432,the_legend_of_zelda:_ocarina_of_time,0,0
7433,turtleneck_shirt,0,0
7434,vegetable,0,0
7435,age_progression,0,0
7436,box_of_chocolates,0,0
7437,driving,0,0
7438,failure,0,0
7439,finana_ryugu,4,0
7440,fubuki_(blue_archive),4,0
7441,hand_on_hilt,0,0
7442,levitation,0,0
7443,lying_on_lap,0,0
7444,prostate_milking,0,0
7445,ryuuou_no_oshigoto!,0,0
7446,shirt_grab,0,0
7447,yuel_(granblue_fantasy),4,0
7448,ammunition_pouch,0,0
7449,bodystocking_only,0,0
7450,cooking_pot,0,0
7451,floating_clothes,0,0
7452,hololive_summer_2023_swimsuit,0,0
7453,iori_rinko,4,0
7454,jaguar_girl,0,0
7455,kasumigaoka_utaha,4,0
7456,nanashi_mumei_(emo),4,0
7457,purple_ascot,0,0
7458,swallowing,0,0
7459,tower,0,0
7460,unryuu_(kancolle),4,0
7461,angel_and_devil,0,0
7462,between_labia,0,0
7463,breasts_on_tray,0,0
7464,captain_(honkai_impact),4,0
7465,carrying_over_shoulder,0,0
7466,coconut,0,0
7467,detached_leggings,0,0
7468,gas_mask,0,0
7469,kage_no_jitsuryokusha_ni_naritakute!,0,0
7470,m200_(girls'_frontline),4,0
7471,marciana_(nikke),4,0
7472,my_little_pony,0,0
7473,nakasu_kasumi,4,0
7474,omelet,0,0
7475,queen_marika_the_eternal,4,0
7476,remodel_(kantai_collection),0,0
7477,scooby-doo,0,0
7478,senjougahara_hitagi,4,0
7479,sideroca_(arknights),4,0
7480,split_ponytail,0,0
7481,training_bra,0,0
7482,after_fingering,0,0
7483,banner,0,0
7484,goatee,0,0
7485,hands_on_another's_waist,0,0
7486,horn_flower,0,0
7487,isabelle_(animal_crossing),4,0
7488,multicolored_shirt,0,0
7489,pain,0,0
7490,pink_sailor_collar,0,0
7491,pinstripe_shirt,0,0
7492,purple_coat,0,0
7493,rectangular_earrings,0,0
7494,see-through_body,0,0
7495,shark_costume,0,0
7496,south_dakota_(azur_lane),4,0
7497,unworn_gag,0,0
7498,vertical-striped_panties,0,0
7499,1980s_(style),0,0
7500,aglaea_(honkai:_star_rail),4,0
7501,azazel_(helltaker),4,0
7502,biting_glove,0,0
7503,bleeding,0,0
7504,blue_sash,0,0
7505,brushing_hair,0,0
7506,castorice_(honkai:_star_rail),4,0
7507,covered_piercing,0,0
7508,dark_elven_forest_ranger,4,0
7509,dark_green_hair,0,0
7510,dengeki_moeoh,0,0
7511,green_hoodie,0,0
7512,hand_on_own_forehead,0,0
7513,hanging,0,0
7514,makoto_nanaya,4,0
7515,medium_dress,0,0
7516,oozora_subaru_(hololive_summer_2019),4,0
7517,panties_around_ankles,0,0
7518,prison_cell,0,0
7519,qingque_(honkai:_star_rail),4,0
7520,ryuujou_(kancolle),4,0
7521,satanichia_kurumizawa_mcdowell,4,0
7522,sidecut,0,0
7523,sitting_on_object,0,0
7524,splatoon_3,0,0
7525,sunken_cheeks,0,0
7526,union_jack,0,0
7527,boo_(mario),4,0
7528,breast_zipper,0,0
7529,chise_(blue_archive),4,0
7530,erika_(pokemon),4,0
7531,foam,0,0
7532,forehead_tattoo,0,0
7533,hand_on_another's_ear,0,0
7534,hatsuzuki_(kancolle),4,0
7535,nipple_indents,0,0
7536,richelieu_(kancolle),4,0
7537,rouge_the_bat,4,0
7538,santa_gloves,0,0
7539,striped_hairband,0,0
7540,sushi,0,0
7541,trident,0,0
7542,arm_cuffs,0,0
7543,biting_ear,0,0
7544,checkered,0,0
7545,fur-trimmed_cloak,0,0
7546,gigantic_penis,0,0
7547,god_eater,0,0
7548,ichigo_(darling_in_the_franxx),4,0
7549,kumbhira_(granblue_fantasy),4,0
7550,la_pluma_(arknights),4,0
7551,latex_boots,0,0
7552,long_horns,0,0
7553,miyamae_shiho_(jack_dempa),4,0
7554,multicolored_headwear,0,0
7555,my_little_pony:_friendship_is_magic,0,0
7556,sugoi_dekai,0,0
7557,team_rocket_uniform,0,0
7558,teeth_hold,0,0
7559,tribal_tattoo,0,0
7560,vestia_zeta,4,0
7561,amamiya_kokoro,4,0
7562,bagpipe_(arknights),4,0
7563,bass_guitar,0,0
7564,comb,0,0
7565,condom_thigh_strap,0,0
7566,frilled_kimono,0,0
7567,hand_on_another's_crotch,0,0
7568,hands_on_headwear,0,0
7569,higurashi_no_naku_koro_ni,0,0
7570,kaguya_(blue_archive),4,0
7571,kunikida_hanamaru,4,0
7572,long_shirt,0,0
7573,maiden_(nikke),4,0
7574,multicolored_legwear,0,0
7575,sakuramon,0,0
7576,sword_maiden,4,0
7577,unworn_bowtie,0,0
7578,energy,0,0
7579,helm_(aqua_marine)_(nikke),4,0
7580,homurabara_academy_school_uniform,0,0
7581,jigokuraku,0,0
7582,metal_slug,0,0
7583,miku_collar_bikini,0,0
7584,mint_fantome,4,0
7585,monkey_d._luffy,4,0
7586,nakabeni_yua,4,0
7587,nanasaki_ai,4,0
7588,pear_shaped_figure,0,0
7589,penis_peek,0,0
7590,pokemon_horizons,0,0
7591,pokemon_legends:_z-a,0,0
7592,purple_vest,0,0
7593,quetzalcoatl_(fate),4,0
7594,smiley_face,0,0
7595,soukaku_(zenless_zone_zero),4,0
7596,whiskers,0,0
7597,wriggle_nightbug,4,0
7598,ace_attorney,0,0
7599,aozaki_aoko,4,0
7600,arms_around_waist,0,0
7601,asahi_breweries,0,0
7602,bad_end,0,0
7603,bayonetta_(series),0,0
7604,beer_bottle,0,0
7605,bun_with_braided_base,0,0
7606,clothes_on_floor,0,0
7607,digitigrade,0,0
7608,elezen,0,0
7609,floral_print_bikini,0,0
7610,green_fur,0,0
7611,hat_tassel,0,0
7612,head_on_ass,0,0
7613,immobilization,0,0
7614,lace-trimmed_sleeves,0,0
7615,lord_el-melloi_ii_case_files,0,0
7616,magia_record:_mahou_shoujo_madoka_magica_gaiden,0,0
7617,see-through_bikini,0,0
7618,snake_hair,0,0
7619,tamaranean,0,0
7620,tsukumo_sana_(1st_costume),4,0
7621,unzen_(azur_lane),4,0
7622,wide_shot,0,0
7623,0_0,0,0
7624,armored_core_vi:_fires_of_rubicon,0,0
7625,artoria_caster_(swimsuit_berserker)_(fate),4,0
7626,bandaged_wrist,0,0
7627,brand_new_animal,0,0
7628,brown_bodysuit,0,0
7629,frankie_foster,4,0
7630,fuuka_(blue_archive),4,0
7631,handlebar,0,0
7632,hip_dips,0,0
7633,komi_shuuko,4,0
7634,orange_hat,0,0
7635,passionlip_(fate),4,0
7636,priestess_(goblin_slayer!),4,0
7637,prinz_eugen_(final_lap)_(azur_lane),4,0
7638,queen_draco_(fate),4,0
7639,red_curtains,0,0
7640,samurai_spirits,0,0
7641,smelling_clothes,0,0
7642,transparent_censoring,0,0
7643,yuudachi_(azur_lane),4,0
7644,atelier_ryza_3,0,0
7645,bicorne,0,0
7646,covering_another's_mouth,0,0
7647,florian_(pokemon),4,0
7648,foliage,0,0
7649,fur_bikini,0,0
7650,kurokami_fubuki,4,0
7651,multicolored_tail,0,0
7652,on_rock,0,0
7653,sasaki_kanna_(kaedeko),4,0
7654,short_bangs,0,0
7655,taimanin_rpgx,0,0
7656,vanilla_(nekopara),4,0
7657,cartoon_bone,0,0
7658,cracked_wall,0,0
7659,embers,0,0
7660,female_orc,0,0
7661,heart_in_mouth,0,0
7662,kasumi_(doa),4,0
7663,loungewear,0,0
7664,ofuda_on_nipples,0,0
7665,shiina_yuika,4,0
7666,soul_eater,0,0
7667,tree_shade,0,0
7668,tsukino_usagi,4,0
7669,unworn_bag,0,0
7670,adjusting_buruma,0,0
7671,breast_curtain_lift,0,0
7672,glowstick,0,0
7673,green_horns,0,0
7674,hinata_kaho,4,0
7675,jiangshi_costume,0,0
7676,kiriko_(overwatch),4,0
7677,koyanskaya_(assassin)_(first_ascension)_(fate),4,0
7678,mask_lift,0,0
7679,may_(guilty_gear),4,0
7680,suzutsuki_(kancolle),4,0
7681,tooth_necklace,0,0
7682,belfast_(shopping_with_the_head_maid)_(azur_lane),4,0
7683,ceres_fauna_(goth),4,0
7684,cerestia_of_life,4,0
7685,earth_(planet),0,0
7686,h&k_hk416,0,0
7687,hand_on_own_shoulder,0,0
7688,helena_(azur_lane),4,0
7689,jahy-sama_wa_kujikenai!,0,0
7690,kasugano_sakura,4,0
7691,kikuchi_makoto,4,0
7692,lady_nagant,4,0
7693,lux_(league_of_legends),4,0
7694,naizuri,0,0
7695,public_masturbation,0,0
7696,scathach_skadi_(swimsuit_ruler)_(fate),4,0
7697,school_emblem,0,0
7698,side-tie_swimsuit,0,0
7699,skirt_flip,0,0
7700,tenochtitlan_(fate),4,0
7701,truth,0,0
7702,warspite_(kancolle),4,0
7703,yuffie_kisaragi,4,0
7704,adjusting_gloves,0,0
7705,black_helmet,0,0
7706,brown_capelet,0,0
7707,clara_(honkai:_star_rail),4,0
7708,flying_button,0,0
7709,honda_mio,4,0
7710,karyl_(summer)_(princess_connect!),4,0
7711,kudamaki_tsukasa,4,0
7712,kuroe_shizuku,4,0
7713,lap_pillow_invitation,0,0
7714,naked_paint,0,0
7715,pink_tattoo,0,0
7716,rabbit_hood,0,0
7717,reines_el-melloi_archisorte,4,0
7718,satonaka_chie,4,0
7719,shoulder_blush,0,0
7720,sorceress_(dragon's_crown),4,0
7721,spring_onion,0,0
7722,unworn_thighhighs,0,0
7723,zombie_land_saga,0,0
7724,against_window,0,0
7725,armored_gloves,0,0
7726,closed_umbrella,0,0
7727,glitch,0,0
7728,have_to_pee,0,0
7729,hirasawa_yui,4,0
7730,judgement_(helltaker),4,0
7731,magallan_(arknights),4,0
7732,mash_kyrielight_(demi-servant),4,0
7733,pharah_(overwatch),4,0
7734,squinting,0,0
7735,strength_(black_rock_shooter),4,0
7736,two-tone_cape,0,0
7737,zani_(wuthering_waves),4,0
7738,bartender,0,0
7739,bayonetta,4,0
7740,breast_contest,0,0
7741,cigar,0,0
7742,crystalfly_(genshin_impact),4,0
7743,cum_in_panties,0,0
7744,ear_bow,0,0
7745,ear_wiggle,0,0
7746,elizabeth_bathory_(brave)_(fate),4,0
7747,fire_emblem_warriors:_three_hopes,0,0
7748,fox_boy,0,0
7749,fur-trimmed_collar,0,0
7750,grey_necktie,0,0
7751,hand_on_ground,0,0
7752,hand_tattoo,0,0
7753,hand_to_head,0,0
7754,holding_helmet,0,0
7755,kiss-shot_acerola-orion_heart-under-blade,4,0
7756,klaudia_valentz,4,0
7757,octoling_player_character,4,0
7758,paya_(zelda),4,0
7759,portal_(object),0,0
7760,prison,0,0
7761,prison_clothes,0,0
7762,ramen,0,0
7763,red_bandeau,0,0
7764,seiren_academy_school_uniform,0,0
7765,shin_guards,0,0
7766,shizuko_(blue_archive),4,0
7767,st._theresa's_girls_academy_school_uniform,0,0
7768,torture,0,0
7769,x-ray_vision,0,0
7770,bag_of_chips,0,0
7771,clothes_tug,0,0
7772,comiket_101,0,0
7773,frilled_cuffs,0,0
7774,frog_girl,0,0
7775,fubuki_kai_ni_(kancolle),4,0
7776,fur-trimmed_leotard,0,0
7777,hagoromo,0,0
7778,holding_doll,0,0
7779,millia_rage,4,0
7780,muelsyse_(arknights),4,0
7781,on_motorcycle,0,0
7782,pegging,0,0
7783,pretty_series,0,0
7784,spider-man,4,0
7785,v_legs,0,0
7786,wedge_heels,0,0
7787,yamada_elf,4,0
7788,collared_leotard,0,0
7789,fine_art_parody,0,0
7790,foreskin_insertion,0,0
7791,formidable_(the_lady_of_the_beach)_(azur_lane),4,0
7792,kimi_no_koto_ga_dai_dai_dai_dai_daisuki_na_100-nin_no_kanojo,0,0
7793,knotting,0,0
7794,majin_android_21,4,0
7795,mifune_shioriko,4,0
7796,sakurai_momoka,4,0
7797,spanish_text,0,0
7798,torn_swimsuit,0,0
7799,type_95_(girls'_frontline),4,0
7800,urakaze_(kancolle),4,0
7801,vehicle_focus,0,0
7802,vore,0,0
7803,ada_wong,4,0
7804,bisexual_male,0,0
7805,blue_poison_(arknights),4,0
7806,evangelion:_3.0_you_can_(not)_redo,0,0
7807,fur_shawl,0,0
7808,hand_on_another's_hand,0,0
7809,holding_basket,0,0
7810,holomyth,0,0
7811,implied_kiss,0,0
7812,lingsha_(honkai:_star_rail),4,0
7813,looking_at_animal,0,0
7814,neck,0,0
7815,open_pajamas,0,0
7816,pink_bag,0,0
7817,queen_of_sheba_(fate),4,0
7818,saren_(summer)_(princess_connect!),4,0
7819,seth_lowell,4,0
7820,thick_arms,0,0
7821,tier_harribel,4,0
7822,yu-gi-oh!_5d's,0,0
7823,animal_on_shoulder,0,0
7824,deutschland_(azur_lane),4,0
7825,dragon_quest_xi,0,0
7826,face_down,0,0
7827,hugging_doll,0,0
7828,hunter_x_hunter,0,0
7829,izumi_(blue_archive),4,0
7830,lights,0,0
7831,maki_(blue_archive),4,0
7832,mukai_takumi,4,0
7833,patterned_clothing,0,0
7834,sand_castle,0,0
7835,seitokai_nimo_anawa_aru!,0,0
7836,soldier,0,0
7837,takanashi_kiara_(fever_night),4,0
7838,tiki_(fire_emblem),4,0
7839,wiping_face,0,0
7840,zero_no_tsukaima,0,0
7841,alicia_renato_(yashiro_sousaku),4,0
7842,chocola_(nekopara),4,0
7843,double_anal,0,0
7844,duck,0,0
7845,fou_(fate),4,0
7846,incoming_food,0,0
7847,intravenous_drip,0,0
7848,koseki_bijou_(1st_costume),4,0
7849,miki_sayaka,4,0
7850,noa_(pajamas)_(blue_archive),4,0
7851,pink_tank_top,0,0
7852,sanshoku_dango,0,0
7853,sexual_harassment,0,0
7854,shampoo_bottle,0,0
7855,shirayuki_tomoe,4,0
7856,sitting_on_stairs,0,0
7857,snake_earrings,0,0
7858,spandex,0,0
7859,texas_the_omertosa_(arknights),4,0
7860,tsubaki_(guide)_(blue_archive),4,0
7861,wooden_horse,0,0
7862,yuuka_(pajamas)_(blue_archive),4,0
7863,blue_hakama,0,0
7864,button_eyes,0,0
7865,chalk,0,0
7866,comiket_104,0,0
7867,crotch_grab,0,0
7868,embroidered_bra,0,0
7869,flower_necklace,0,0
7870,fukumaru_koito,4,0
7871,gavial_(arknights),4,0
7872,hachiouji_naoto,4,0
7873,height,0,0
7874,helm,0,0
7875,human_toilet,0,0
7876,juice,0,0
7877,kaedehara_kazuha,4,0
7878,mari_(idol)_(blue_archive),4,0
7879,megurine_luka,4,0
7880,niko_(blue_archive),4,0
7881,paper_stack,0,0
7882,penetration_gesture,0,0
7883,plaid_jacket,0,0
7884,red_cross,0,0
7885,serie_(sousou_no_frieren),4,0
7886,skewer,0,0
7887,watermelon_slice,0,0
7888,9a-91_(girls'_frontline),4,0
7889,arachne,0,0
7890,beige_sweater,0,0
7891,bremerton_(kung_fu_cruiser)_(azur_lane),4,0
7892,casino_card_table,0,0
7893,censored_with_cum,0,0
7894,chomusuke,4,0
7895,diana_cavendish,4,0
7896,dragon_quest_iii,0,0
7897,durandal_(honkai_impact),4,0
7898,himesaki_rinami,4,0
7899,i-401_(kancolle),4,0
7900,long_eyebrows,0,0
7901,miyu_edelfelt_(magical_girl),4,0
7902,nonna_(girls_und_panzer),4,0
7903,ookami_mio_(1st_costume),4,0
7904,privaty_(unkind_maid)_(nikke),4,0
7905,snowbreak:_containment_zone,0,0
7906,spine,0,0
7907,tasuki,0,0
7908,tsukuyomi_shirabe,4,0
7909,two-tone_bow,0,0
7910,azumanga_daioh,0,0
7911,beatrix_(granblue_fantasy),4,0
7912,boobplate,0,0
7913,brooke_(mleth),4,0
7914,fallout_(series),0,0
7915,female_commander_(girls'_frontline),4,0
7916,leona_heidern,4,0
7917,love_hotel,0,0
7918,mons_pubis,0,0
7919,morpeko,4,0
7920,ookami_mio_(casual),4,0
7921,orca_hood,0,0
7922,sailor_moon,4,0
7923,shizuru_(princess_connect!),4,0
7924,submerged,0,0
7925,thigh_straddling,0,0
7926,tonguejob,0,0
7927,unitard,0,0
7928,urusei_yatsura,0,0
7929,yorigami_shion,4,0
7930,after_cunnilingus,0,0
7931,bb_(swimsuit_mooncancer)_(third_ascension)_(fate),4,0
7932,boobs_in_book_(meme),0,0
7933,boryeon_(last_origin),4,0
7934,cagliostro_(granblue_fantasy),4,0
7935,clothed_male_nude_male,0,0
7936,costume,0,0
7937,electrokinesis,0,0
7938,finger_heart,0,0
7939,heel_pop,0,0
7940,holding_lipstick_tube,0,0
7941,kamisato_ayaka_(springbloom_missive),4,0
7942,marie_(splatoon),4,0
7943,melusine_(swimsuit_ruler)_(fate),4,0
7944,naked_necktie,0,0
7945,no_game_no_life,0,0
7946,plaid_bra,0,0
7947,pokemon_dppt_(anime),0,0
7948,queen_elizabeth_(azur_lane),4,0
7949,sakuragaoka_high_school_uniform,0,0
7950,single_fishnet_legwear,0,0
7951,sparkler,0,0
7952,vsk-94_(girls'_frontline),4,0
7953,yellow_sleeves,0,0
7954,anal_invitation,0,0
7955,asta_(honkai:_star_rail),4,0
7956,bathrobe,0,0
7957,byleth_(female)_(summer)_(fire_emblem),4,0
7958,chess_piece,0,0
7959,cycling_uniform,0,0
7960,damaged,0,0
7961,falling_feathers,0,0
7962,giving_up_the_ghost,0,0
7963,head_down,0,0
7964,hooded_sweater,0,0
7965,kotobuki_tsumugi,4,0
7966,lactating_into_container,0,0
7967,monster_hunter_wilds,0,0
7968,reverse_grip_handjob,0,0
7969,ribbed_bodysuit,0,0
7970,shiranui_flare_(1st_costume),4,0
7971,single_arm_warmer,0,0
7972,soda,0,0
7973,the_elder_scrolls,0,0
7974,thermometer,0,0
7975,vi_(league_of_legends),4,0
7976,corpse,0,0
7977,emo_fashion,0,0
7978,harley_quinn,4,0
7979,holding_bucket,0,0
7980,hoshino_aquamarine,4,0
7981,kinshi_no_ane_(92m),4,0
7982,magnifying_glass,0,0
7983,mato_seihei_no_slave,0,0
7984,oikawa_shizuku,4,0
7985,overskirt,0,0
7986,pentacle,0,0
7987,pornhub,0,0
7988,sausage,0,0
7989,striped_pants,0,0
7990,theft,0,0
7991,too_many_sex_toys,0,0
7992,wrestling_outfit,0,0
7993,yordle,0,0
7994,akatsuki_(kancolle),4,0
7995,amane_kanata_(work),4,0
7996,ammunition,0,0
7997,baseball_uniform,0,0
7998,behind-the-head_headphones,0,0
7999,birthday_cake,0,0
8000,c-string,0,0
8001,collared_shrug,0,0
8002,dessert,0,0
8003,detached_hair,0,0
8004,fire_emblem:_the_binding_blade,0,0
8005,fluffy,0,0
8006,flute,0,0
8007,green_one-piece_swimsuit,0,0
8008,head_on_hand,0,0
8009,hiiragi_kagami,4,0
8010,irene_(arknights),4,0
8011,isekai_maou_to_shoukan_shoujo_no_dorei_majutsu,0,0
8012,itsumi_erika,4,0
8013,joy-con,0,0
8014,mr._squeaks_(hakos_baelz),4,0
8015,mythra_(radiant_beach)_(xenoblade),4,0
8016,presenting_anus,0,0
8017,purple_butterfly,0,0
8018,red_slingshot_swimsuit,0,0
8019,spreading_own_anus,0,0
8020,takimoto_hifumi,4,0
8021,tucked_money,0,0
8022,undone_neck_ribbon,0,0
8023,virtuosa_(arknights),4,0
8024,whispering,0,0
8025,white_bird,0,0
8026,wind_chime,0,0
8027,black_bandeau,0,0
8028,black_bikesuit,0,0
8029,chibi_only,0,0
8030,corin_wickes,4,0
8031,fourth_east_high_school_uniform,0,0
8032,gegege_no_kitarou,0,0
8033,grid_background,0,0
8034,hair_between_horns,0,0
8035,hand_on_floor,0,0
8036,hex_maniac_(pokemon_legends:_z-a),4,0
8037,hooters,0,0
8038,invisible,0,0
8039,mankanshoku_mako,4,0
8040,mark_under_eye,0,0
8041,mohawk,0,0
8042,possessed,0,0
8043,resident_evil_village,0,0
8044,sigh,0,0
8045,smartphone_case,0,0
8046,sobu_high_school_uniform,0,0
8047,striped_shorts,0,0
8048,takeba_yukari,4,0
8049,vittorio_veneto_(azur_lane),4,0
8050,whipped_cream,0,0
8051,wrong_foot,0,0
8052,armored_leotard,0,0
8053,bear_print,0,0
8054,beehive_hairdo,0,0
8055,bike_jersey,0,0
8056,bird_on_head,0,0
8057,covered_fellatio,0,0
8058,crystal_wings,0,0
8059,dress_aside,0,0
8060,fate/hollow_ataraxia,0,0
8061,folded_hair,0,0
8062,gate_-_jieitai_ka_no_chi_nite_kaku_tatakaeri,0,0
8063,instrument_case,0,0
8064,intravaginal_futanari,0,0
8065,kaku_seiga,4,0
8066,lifted_by_tail,0,0
8067,miyamoto_frederica,4,0
8068,murasame_(kancolle),4,0
8069,penis_milking,0,0
8070,pocky_in_mouth,0,0
8071,red_garter_straps,0,0
8072,serval_(kemono_friends),4,0
8073,tape_maebari,0,0
8074,tutu,0,0
8075,wanderer_(genshin_impact),4,0
8076,adidas,0,0
8077,alice_zuberg,4,0
8078,blue_robe,0,0
8079,cat_choker,0,0
8080,charlotte_(genshin_impact),4,0
8081,crotchless_leotard,0,0
8082,dirty_clothes,0,0
8083,evangelion:_2.0_you_can_(not)_advance,0,0
8084,fake_video,0,0
8085,happy_tears,0,0
8086,huge_horns,0,0
8087,implied_incest,0,0
8088,isokaze_(kancolle),4,0
8089,kagemori_michiru,4,0
8090,khiara_(personal_ami),4,0
8091,kingdom_hearts,0,0
8092,lampshade,0,0
8093,lance,0,0
8094,luma_(mario),4,0
8095,mismatched_footwear,0,0
8096,multicolored_kimono,0,0
8097,naoetsu_high_school_uniform,0,0
8098,paizuri_on_lap,0,0
8099,sanrio,0,0
8100,shima_rin,4,0
8101,shione_(niliu_chahui),4,0
8102,sleeveless_leotard,0,0
8103,smeared_lipstick,0,0
8104,tamaki_kotatsu,4,0
8105,yellow-tinted_eyewear,0,0
8106,yoga,0,0
8107,yukoku_kiriko,4,0
8108,akari_(blue_archive),4,0
8109,aqua_lips,0,0
8110,audience,0,0
8111,ch'en_the_holungday_(arknights),4,0
8112,crate,0,0
8113,elesis_(elsword),4,0
8114,hakase_fuyuki,4,0
8115,hands_on_own_legs,0,0
8116,housewife,0,0
8117,ibuki_douji_(swimsuit_berserker)_(fate),4,0
8118,kettle,0,0
8119,kindred_(league_of_legends),4,0
8120,lattice,0,0
8121,lila_decyrus,4,0
8122,lum,4,0
8123,no_feet,0,0
8124,pramanix_(arknights),4,0
8125,self_breast_sucking,0,0
8126,shimada_arisu,4,0
8127,silver_footwear,0,0
8128,spiked_headband,0,0
8129,text_print,0,0
8130,tomimi_(arknights),4,0
8131,tsukuyo_(blue_archive),4,0
8132,yumemizuki_mizuki,4,0
8133,baron_bunny_(genshin_impact),4,0
8134,binoculars,0,0
8135,blood_stain,0,0
8136,destiny_child,0,0
8137,essex_(azur_lane),4,0
8138,fate/zero,0,0
8139,kurokawa_akane,4,0
8140,monster_hunter:_world,0,0
8141,mrs._snake_(fate),4,0
8142,notepad,0,0
8143,paddle,0,0
8144,pickelhaube,0,0
8145,piercing_through_clothes,0,0
8146,plymouth_(azur_lane),4,0
8147,sawamura_spencer_eriri,4,0
8148,shide,0,0
8149,sora_ginko,4,0
8150,string_pull,0,0
8151,toon_(style),0,0
8152,torn_cape,0,0
8153,undone_bra,0,0
8154,yamanaka_ino,4,0
8155,crocs,0,0
8156,diagonal-striped_bowtie,0,0
8157,digital_clock,0,0
8158,draenei,0,0
8159,fujita_kotone,4,0
8160,gladiia_(arknights),4,0
8161,hand_on_another's_knee,0,0
8162,holding_stylus,0,0
8163,hornet_(kancolle),4,0
8164,kotegawa_yui,4,0
8165,lifebuoy_ornament,0,0
8166,lifting_covers,0,0
8167,mordred_(swimsuit_rider)_(first_ascension)_(fate),4,0
8168,nian_(unfettered_freedom)_(arknights),4,0
8169,raincoat,0,0
8170,stealth_fellatio,0,0
8171,throwing,0,0
8172,undead,0,0
8173,white_pajamas,0,0
8174,barghest_(second_ascension)_(fate),4,0
8175,bulletin_board,0,0
8176,colored_pussy,0,0
8177,denim_jacket,0,0
8178,drawing_sword,0,0
8179,eishin_flash_(umamusume),4,0
8180,elysia_(herrscher_of_human:_ego)_(honkai_impact),4,0
8181,foot_on_another's_face,0,0
8182,framed,0,0
8183,guoba_(genshin_impact),4,0
8184,holding_marker,0,0
8185,holding_own_foot,0,0
8186,igawa_asagi,4,0
8187,jahy,4,0
8188,living_clothes,0,0
8189,mifune_miyu,4,0
8190,miura_azusa,4,0
8191,multiple_vaginal,0,0
8192,nightstand,0,0
8193,panties_on_penis,0,0
8194,penis_under_mask,0,0
8195,phonograph,0,0
8196,project_kv,0,0
8197,rosmontis_(arknights),4,0
8198,shuujin_academy_school_uniform,0,0
8199,silence_suzuka_(umamusume),4,0
8200,train,0,0
8201,wetsuit,0,0
8202,ambience_synesthesia,0,0
8203,angewomon,4,0
8204,arch,0,0
8205,bound_thighs,0,0
8206,cleavage_reach,0,0
8207,doctor,0,0
8208,egasumi,0,0
8209,enema,0,0
8210,frilled_wristband,0,0
8211,gorgon_(fate),4,0
8212,green_tank_top,0,0
8213,ikaruga_(senran_kagura),4,0
8214,inazuma_(kancolle),4,0
8215,kazusa_(halloween)_(blue_archive),4,0
8216,marie_rose_(devilish_servant_against_the_splashing_waves),4,0
8217,mika_(girls_und_panzer),4,0
8218,musical_note_hair_ornament,0,0
8219,newspaper,0,0
8220,ninomae_ina'nis_(loungewear),4,0
8221,pants_around_one_leg,0,0
8222,pozyomka_(arknights),4,0
8223,rusty_trombone,0,0
8224,spider-man:_across_the_spider-verse,0,0
8225,star_symbol_background,0,0
8226,stheno_(fate),4,0
8227,the_elder_scrolls_v:_skyrim,0,0
8228,aqua_thighhighs,0,0
8229,ayane_(swimsuit)_(blue_archive),4,0
8230,blake_bloom_(wuthering_waves),0,0
8231,fanny_pack,0,0
8232,fried_egg,0,0
8233,ganyu_(twilight_blossom)_(genshin_impact),4,0
8234,haniwa_(statue),0,0
8235,happy_valentine,0,0
8236,heart_balloon,0,0
8237,kiran_(male)_(fire_emblem),4,0
8238,kirby_(series),0,0
8239,messy_room,0,0
8240,minato_aqua_(sailor),4,0
8241,neck_grab,0,0
8242,north_carolina_(azur_lane),4,0
8243,pink_wings,0,0
8244,pola_(seaside_coincidence)_(azur_lane),4,0
8245,pulchra_fellini,4,0
8246,purple_cardigan,0,0
8247,raora_panthera_(1st_costume),4,0
8248,simplified_chinese_text,0,0
8249,squirrel_girl_(marvel),4,0
8250,suzukaze_aoba,4,0
8251,uchiwa,0,0
8252,wireless_sex_toy_controller,0,0
8253,yellow_one-piece_swimsuit,0,0
8254,yukari_(blue_archive),4,0
8255,barbara_(summertime_sparkle)_(genshin_impact),4,0
8256,condom_wrapper_in_clothes,0,0
8257,crewmate_(among_us),4,0
8258,cupcake,0,0
8259,grenade_hair_ornament,0,0
8260,high_kick,0,0
8261,illyasviel_von_einzbern_(beast_style),4,0
8262,in_tree,0,0
8263,jellyfish,0,0
8264,kafuu_chino,4,0
8265,left-handed,0,0
8266,mary_(medical_rabbit)_(nikke),4,0
8267,neck_garter,0,0
8268,over_the_knee,0,0
8269,reverse_trap,0,0
8270,russian_text,0,0
8271,sayori_(doki_doki_literature_club),4,0
8272,sessyoin_kiara_(swimsuit_mooncancer)_(second_ascension),4,0
8273,spider,0,0
8274,star_ocean,0,0
8275,stocks,0,0
8276,trotter_(honkai:_star_rail),4,0
8277,two-tone_thighhighs,0,0
8278,yellow_hoodie,0,0
8279,blue_slingshot_swimsuit,0,0
8280,chieru_(princess_connect!),4,0
8281,christmas_lights,0,0
8282,dress_swimsuit,0,0
8283,fio_germi,4,0
8284,glowing_hair,0,0
8285,kizumonogatari,0,0
8286,lamb_(league_of_legends),4,0
8287,leopard_tail,0,0
8288,mazaki_anzu,4,0
8289,naked_skirt,0,0
8290,omurice,0,0
8291,partially_shaded_face,0,0
8292,pekomon_(usada_pekora),4,0
8293,shadowverse,0,0
8294,tentacle_in_mouth,0,0
8295,yellow_apron,0,0
8296,^o^,0,0
8297,accident,0,0
8298,arm_pouch,0,0
8299,bed_frame,0,0
8300,bread_slice,0,0
8301,breasts_on_another's_back,0,0
8302,chart,0,0
8303,comparison,0,0
8304,cone_horns,0,0
8305,diving_mask,0,0
8306,drum,0,0
8307,implied_prostitution,0,0
8308,inseki,0,0
8309,melting_halo,0,0
8310,needy_girl_overdose,0,0
8311,nostrils,0,0
8312,projekt_red_(arknights),4,0
8313,scylla_(azur_lane),4,0
8314,shigure_ui_(vtuber)_(1st_costume),4,0
8315,signora_(genshin_impact),4,0
8316,sinder_(vtuber),4,0
8317,snowman,0,0
8318,tadano_hitohito,4,0
8319,ushanka,0,0
8320,utsumi_erice,4,0
8321,velma_dinkley,4,0
8322,white_shoes,0,0
8323,zora,0,0
8324,bunching_hair,0,0
8325,carnelian_(arknights),4,0
8326,digital_media_player,0,0
8327,duster,0,0
8328,gawr_gura_(casual),4,0
8329,girthy_penis,0,0
8330,green_tail,0,0
8331,half_mask,0,0
8332,hoshino_(first_year)_(blue_archive),4,0
8333,kirin_(armor),0,0
8334,modernia_(nikke),4,0
8335,naked_robe,0,0
8336,panda,0,0
8337,purple_sports_bra,0,0
8338,spiked_belt,0,0
8339,tiki_(adult)_(fire_emblem),4,0
8340,urbosa,4,0
8341,wooden_chair,0,0
8342,ashigara_(kancolle),4,0
8343,asian,0,0
8344,bang_dream!_it's_mygo!!!!!,0,0
8345,bodycon,0,0
8346,butterfly_choker,0,0
8347,change_in_common_sense,0,0
8348,hisakawa_nagi,4,0
8349,holding_ribbon,0,0
8350,holding_sponge,0,0
8351,korean_clothes,0,0
8352,p-head_producer,4,0
8353,pointy_nose,0,0
8354,prince_of_wales_(azur_lane),4,0
8355,red_apron,0,0
8356,sendai_(kancolle),4,0
8357,tachibana_hibiki_(symphogear),4,0
8358,tia_(nikke),4,0
8359,toyosatomimi_no_miko,4,0
8360,tsukihime_(remake),0,0
8361,vest_lift,0,0
8362,abigail_williams_(swimsuit_foreigner)_(fate),4,0
8363,andrew_graves,4,0
8364,cropped_arms,0,0
8365,excited,0,0
8366,fangs_out,0,0
8367,feet_on_table,0,0
8368,food_insertion,0,0
8369,fumo_(doll),0,0
8370,ganguro,0,0
8371,goat_tail,0,0
8372,green_sclera,0,0
8373,incoming_hug,0,0
8374,magnemite,4,0
8375,musaigen_no_phantom_world,0,0
8376,natalia_(idolmaster),4,0
8377,natsuiro_matsuri_(1st_costume),4,0
8378,paint,0,0
8379,pig,0,0
8380,pocky_day,0,0
8381,presenting_another,0,0
8382,ribbon_earrings,0,0
8383,saber_alter_(ver._shinjuku_1999),4,0
8384,saki_(the_atko),4,0
8385,single_sandal,0,0
8386,smelly_armpits,0,0
8387,sucy_manbavaran,4,0
8388,tatsuta_(kancolle),4,0
8389,tiefling,0,0
8390,traditional_nun,0,0
8391,typhon_(arknights),4,0
8392,youtube,0,0
8393,akiyama_rinko,4,0
8394,andira_(granblue_fantasy),4,0
8395,blue_archive_the_animation,0,0
8396,chicken_(food),0,0
8397,fashion,0,0
8398,fate/samurai_remnant,0,0
8399,fisting,0,0
8400,guitar_case,0,0
8401,kirigiri_kyoko,4,0
8402,lop_rabbit_ears,0,0
8403,mind_break,0,0
8404,ookami_mio_(hololive_summer_2019),4,0
8405,outstretched_leg,0,0
8406,pokemon_go,0,0
8407,prolapse,0,0
8408,purple_hoodie,0,0
8409,red_mask,0,0
8410,roller_skates,0,0
8411,suction_cup_dildo,0,0
8412,trick_or_treat,0,0
8413,white_scales,0,0
8414,akumi_(yoclesh),4,0
8415,altera_(fate),4,0
8416,araga_kiwi,4,0
8417,black_wrist_cuffs,0,0
8418,breasts_day,0,0
8419,callie_(splatoon),4,0
8420,candy_apple,0,0
8421,column,0,0
8422,cool_mita_(miside),4,0
8423,cowboy_western,0,0
8424,diamond_clan_outfit,0,0
8425,doom_(series),0,0
8426,elf-san_wa_yaserarenai.,0,0
8427,galko,4,0
8428,hair_flip,0,0
8429,heanna_sumire,4,0
8430,imminent_paizuri,0,0
8431,lady_avalon_(fate),4,0
8432,lipstick_mark_on_face,0,0
8433,mahouka_koukou_no_rettousei,0,0
8434,mimori_(blue_archive),4,0
8435,multiple_bows,0,0
8436,numby_(honkai:_star_rail),4,0
8437,nyotengu,4,0
8438,piggyback,0,0
8439,reno_(azur_lane),4,0
8440,shrimp,0,0
8441,splatoon_1,0,0
8442,tainaka_ritsu,4,0
8443,videl,4,0
8444,white_bandeau,0,0
8445,6+others,0,0
8446,bamboo_forest,0,0
8447,baobhan_sith_(first_ascension)_(fate),4,0
8448,cephalopod_eyes,0,0
8449,chaldea_logo,0,0
8450,cyberpunk_2077,0,0
8451,egg_(food),0,0
8452,fischl_(ein_immernachtstraum)_(genshin_impact),4,0
8453,flower_bracelet,0,0
8454,gills,0,0
8455,izayoi_aki,4,0
8456,koleda_belobog,4,0
8457,malina_(helltaker),4,0
8458,meltryllis_(swimsuit_lancer)_(second_ascension)_(fate),4,0
8459,milim_nava,4,0
8460,nisemonogatari,0,0
8461,orange_bra,0,0
8462,plectrum,0,0
8463,reisa_(blue_archive),4,0
8464,shibari_under_clothes,0,0
8465,shino_to_ren,0,0
8466,sitting_sideways,0,0
8467,takakura_ken_(dandadan),4,0
8468,under_night_in-birth,0,0
8469,bento,0,0
8470,brave_witches,0,0
8471,comiket_100,0,0
8472,cross-body_stretch,0,0
8473,eyes_out_of_frame,0,0
8474,fujimaru_ritsuka_(male)_(polar_chaldea_uniform),4,0
8475,gown,0,0
8476,grea_(shingeki_no_bahamut),4,0
8477,grizzly_mkv_(girls'_frontline),4,0
8478,gun_sling,0,0
8479,gyaru_v,0,0
8480,hands_on_lap,0,0
8481,hatsume_mei,4,0
8482,horse_dildo,0,0
8483,mitachurl_(genshin_impact),4,0
8484,motosu_school_uniform,0,0
8485,multicolored_coat,0,0
8486,noshiro_(kancolle),4,0
8487,pa-15_(girls'_frontline),4,0
8488,round-bottom_flask,0,0
8489,scissor_blade_(kill_la_kill),0,0
8490,side-tie_dress,0,0
8491,xinyan_(genshin_impact),4,0
8492,boxer_briefs,0,0
8493,brown_cloak,0,0
8494,brown_kimono,0,0
8495,cantarella_(wuthering_waves),4,0
8496,esdeath,4,0
8497,hoto_cocoa,4,0
8498,land_(sousou_no_frieren),4,0
8499,naked_capelet,0,0
8500,ooi_(kancolle),4,0
8501,pacifier,0,0
8502,pant_suit,0,0
8503,pearl_hair_ornament,0,0
8504,pixie_cut,0,0
8505,purple_veil,0,0
8506,right-to-left_comic,0,0
8507,round_table,0,0
8508,shirogane_naoto,4,0
8509,swimsuit_lift,0,0
8510,tsurumaki_maki,4,0
8511,two-tone_hoodie,0,0
8512,veranda,0,0
8513,yae_sakura,4,0
8514,arrancar,0,0
8515,astolfo_(saber)_(fate),4,0
8516,bathhouse,0,0
8517,bean_bag_chair,0,0
8518,breast_pump,0,0
8519,champagne_bottle,0,0
8520,dsr-50_(girls'_frontline),4,0
8521,grabbing_another's_ear,0,0
8522,gundam_seed,0,0
8523,hataraku_saibou,0,0
8524,index_fingers_together,0,0
8525,kakegurui,0,0
8526,kanabou,0,0
8527,kirito,4,0
8528,lipstick_mark_on_stomach,0,0
8529,merchandise,0,0
8530,metroid_(creature),4,0
8531,newhalf_with_male,0,0
8532,outis_(project_moon),4,0
8533,pajamas_challenge_(meme),0,0
8534,single_strap,0,0
8535,taihou_(kancolle),4,0
8536,title,0,0
8537,white_hood,0,0
8538,wig,0,0
8539,zentreya,4,0
8540,admiral_graf_spee_(azur_lane),4,0
8541,beach_volleyball,0,0
8542,bloodborne,0,0
8543,calamity_queller_(genshin_impact),0,0
8544,clitoris_ring,0,0
8545,diamond_hair_ornament,0,0
8546,elevator,0,0
8547,fold-over_gloves,0,0
8548,hand_under_swimsuit,0,0
8549,hayakawa_aki,4,0
8550,height_chart,0,0
8551,holding_surfboard,0,0
8552,igarashi_futaba_(shiromanta),4,0
8553,mast_(nikke),4,0
8554,melty_blood,0,0
8555,midnight_(boku_no_hero_academia),4,0
8556,monkey_ears,0,0
8557,ovaries,0,0
8558,plaid_vest,0,0
8559,pokemon_xy_(anime),0,0
8560,pov_cheek_grabbing_(meme),0,0
8561,rabbit_boy,0,0
8562,red_streaks,0,0
8563,rubble,0,0
8564,the_amazing_digital_circus,0,0
8565,tied_to_chair,0,0
8566,tube,0,0
8567,virgin,0,0
8568,winding_key,0,0
8569,zipper_bikini,0,0
8570,air_mattress,0,0
8571,akashi_(kancolle),4,0
8572,amagi-chan_(azur_lane),4,0
8573,cum_in_navel,0,0
8574,diona_(genshin_impact),4,0
8575,frilled_armband,0,0
8576,grey_sleeves,0,0
8577,holding_necktie,0,0
8578,hoshino_fumina,4,0
8579,iya_na_kao_sare_nagara_opantsu_misete_moraitai,0,0
8580,kobo_kanaeru,4,0
8581,morrigan_aensland_(cosplay),0,0
8582,mouth_piercing,0,0
8583,orgasm_denial,0,0
8584,precum_through_clothes,0,0
8585,purple-framed_eyewear,0,0
8586,rabbit_vibrator,0,0
8587,rosanna_(nikke),4,0
8588,shamir_nevrand,4,0
8589,shoulder_strap,0,0
8590,side_drill,0,0
8591,song_of_broken_pines_(genshin_impact),0,0
8592,spiked_ear_piercing,0,0
8593,squeezing,0,0
8594,taliyah,4,0
8595,two-sided_cape,0,0
8596,valorant,0,0
8597,adjusting_footwear,0,0
8598,bandaid_on_head,0,0
8599,bike_shorts_pull,0,0
8600,bulge_to_ass,0,0
8601,ceobe_(arknights),4,0
8602,claw_(weapon),0,0
8603,dokibird_(vtuber),4,0
8604,dunkerque_(azur_lane),4,0
8605,fiammetta_(arknights),4,0
8606,fuck-me_shirt,0,0
8607,gris_swimsuit,0,0
8608,huge_moon,0,0
8609,implied_anal,0,0
8610,kazama_asuka,4,0
8611,lowleg_shorts,0,0
8612,mudrock_(silent_night)_(arknights),4,0
8613,new_school_swimsuit,0,0
8614,osakabehime_(fate),4,0
8615,raised_inner_eyebrows,0,0
8616,samurai,0,0
8617,takao_(beach_rhapsody)_(azur_lane),4,0
8618,warfarin_(arknights),4,0
8619,yukihana_lamy_(loungewear),4,0
8620,bendy_straw,0,0
8621,bouncing_penis,0,0
8622,bust_measuring,0,0
8623,camouflage_jacket,0,0
8624,dildo_gag,0,0
8625,eevee,4,0
8626,energy_sword,0,0
8627,enna_alouette,4,0
8628,green_sports_bra,0,0
8629,hair_over_face,0,0
8630,katawa_shoujo,0,0
8631,martha_(swimsuit_ruler)_(fate),4,0
8632,mash_kyrielight_(swimsuit_of_perpetual_summer),4,0
8633,nero_claudius_(bride)_(fate),4,0
8634,ohara_mari,4,0
8635,platform_boots,0,0
8636,refraction,0,0
8637,ribbed_socks,0,0
8638,rukkhadevata_(genshin_impact),4,0
8639,senjou_no_valkyria_(series),0,0
8640,shimokitazawa_high_school_uniform,0,0
8641,shu_(arknights),4,0
8642,skyline,0,0
8643,star_guardian_(league_of_legends),0,0
8644,tennis_court,0,0
8645,tracen_school_uniform,0,0
8646,undone_sarashi,0,0
8647,aesc_(fate),4,0
8648,alcina_dimitrescu,4,0
8649,archer_(fate),4,0
8650,back-print_panties,0,0
8651,barghest_(swimsuit_archer)_(fate),4,0
8652,belly-to-belly,0,0
8653,dan_heng_(honkai:_star_rail),4,0
8654,danganronpa_v3:_killing_harmony,0,0
8655,endou_saya,4,0
8656,fiona_frost,4,0
8657,food_between_breasts,0,0
8658,foot_on_head,0,0
8659,glock,0,0
8660,incoming_attack,0,0
8661,kamisato_ayato,4,0
8662,kin-iro_mosaic,0,0
8663,kurosawa_ruby,4,0
8664,leg_wrap,0,0
8665,machamp,4,0
8666,miniboy,0,0
8667,park,0,0
8668,scar_on_neck,0,0
8669,sequential,0,0
8670,shiori_(princess_connect!),4,0
8671,short_sword,0,0
8672,spinning,0,0
8673,tosa_(azur_lane),4,0
8674,variations,0,0
8675,wu_zetian_(fate),4,0
8676,anchor_print,0,0
8677,ashtray,0,0
8678,baltimore_(after-school_ace)_(azur_lane),4,0
8679,brown_socks,0,0
8680,chi-chi_(dragon_ball),4,0
8681,closet,0,0
8682,delivery,0,0
8683,egg_hair_ornament,0,0
8684,folding_chair,0,0
8685,happy_halloween,0,0
8686,holding_coin,0,0
8687,industrial_pipe,0,0
8688,kamijou_touma,4,0
8689,kurohanya_(niliu_chahui),4,0
8690,large_pectorals,0,0
8691,lipstick_mark_on_breast,0,0
8692,lipstick_mark_on_leg,0,0
8693,orange_hoodie,0,0
8694,perona,4,0
8695,portrait_(object),0,0
8696,seaport_princess,4,0
8697,short_sidetail,0,0
8698,tongkkangi,0,0
8699,tongkkangi_(streamer),4,0
8700,trigger_(zenless_zone_zero),4,0
8701,two-tone_horns,0,0
8702,yorktown_(azur_lane),4,0
8703,yuzuriha_(jigokuraku),4,0
8704,ao_no_kanata_no_four_rhythm,0,0
8705,arm_over_head,0,0
8706,ass_worship,0,0
8707,azusa_(swimsuit)_(blue_archive),4,0
8708,baseball,0,0
8709,blank_speech_bubble,0,0
8710,cliff,0,0
8711,fleeing,0,0
8712,flight_deck,0,0
8713,grey_hairband,0,0
8714,hakui_koyori_(summer),4,0
8715,hotel_room,0,0
8716,jujutsu_tech_uniform,0,0
8717,lace-trimmed_bikini,0,0
8718,loose_bikini,0,0
8719,non_non_biyori,0,0
8720,orange_sports_bra,0,0
8721,puff_and_slash_sleeves,0,0
8722,purple_tank_top,0,0
8723,shenhe_(frostflower_dew)_(genshin_impact),4,0
8724,shin_megami_tensei,0,0
8725,snorkel,0,0
8726,soukou_akki_muramasa,0,0
8727,street_fighter_ii_(series),0,0
8728,striped_headwear,0,0
8729,subaru_duck,4,0
8730,tiger_stripes,0,0
8731,unworn_kimono,0,0
8732,vertical-striped_pantyhose,0,0
8733,wallet,0,0
8734,white_bridal_gauntlets,0,0
8735,aketa_mikoto,4,0
8736,apologizing,0,0
8737,aris_(maid)_(blue_archive),4,0
8738,ascot_between_breasts,0,0
8739,aurora_(arknights),4,0
8740,bandage_on_face,0,0
8741,bullying,0,0
8742,chattino_(raora_panthera),4,0
8743,chobi_(akchu),4,0
8744,climbing,0,0
8745,comiket_105,0,0
8746,crazy_straw,0,0
8747,dalachi_(headdress),0,0
8748,excalibur_(fate/stay_night),0,0
8749,front_slit,0,0
8750,frozen_(disney),0,0
8751,glass_table,0,0
8752,gold_armlet,0,0
8753,hair_strand,0,0
8754,holding_carton,0,0
8755,holding_notebook,0,0
8756,holding_pizza,0,0
8757,isekai_ojisan,0,0
8758,lying_on_water,0,0
8759,mechanical_pencil,0,0
8760,nipples_pressed_together,0,0
8761,panties_over_pantyhose,0,0
8762,pearl_(gemstone),0,0
8763,screenshot_background,0,0
8764,sode,0,0
8765,spiked_club,0,0
8766,striped_kimono,0,0
8767,tsurugi_(swimsuit)_(blue_archive),4,0
8768,untied_bikini_bottom,0,0
8769,used_condom_in_clothes,0,0
8770,veiny_thighs,0,0
8771,adjusting_bra,0,0
8772,archon_mark,0,0
8773,blue_innertube,0,0
8774,clothes_theft,0,0
8775,exploding_clothes,0,0
8776,glass_writing,0,0
8777,green_scarf,0,0
8778,green_theme,0,0
8779,guardian_tales,0,0
8780,incoming_gift,0,0
8781,koonago,0,0
8782,labia_piercing,0,0
8783,male_rover_(wuthering_waves),4,0
8784,mei_mei_(jujutsu_kaisen),4,0
8785,multiple_thigh_straps,0,0
8786,pomni_(the_amazing_digital_circus),4,0
8787,rhodes_island_logo_(arknights),0,0
8788,shin_jigen_game_neptune_vii,0,0
8789,shovel,0,0
8790,skull_ornament,0,0
8791,soraka_(league_of_legends),4,0
8792,takao_(full_throttle_charmer)_(azur_lane),4,0
8793,the_king_of_fighters_xiv,0,0
8794,tripping,0,0
8795,white_cat,0,0
8796,aki_minoriko,4,0
8797,capri_pants,0,0
8798,catsuit,0,0
8799,chainmail,0,0
8800,cheek_rest,0,0
8801,dildo_reveal,0,0
8802,hair_brush,0,0
8803,hand_on_table,0,0
8804,heart_on_chest,0,0
8805,hidden_camera,0,0
8806,holding_chocolate,0,0
8807,kanbaru_suruga,4,0
8808,layered_clothes,0,0
8809,medjed_(fate),4,0
8810,midna_(true),4,0
8811,multiple_hairpins,0,0
8812,neptune_(neptunia),4,0
8813,onesie,0,0
8814,orange_leotard,0,0
8815,pokemon_journeys,0,0
8816,print_sleeves,0,0
8817,purple_corset,0,0
8818,reed_(arknights),4,0
8819,satin_bra,0,0
8820,sword_on_back,0,0
8821,tifa_lockhart_(shining_spirit),4,0
8822,unicorn_overlord,0,0
8823,uruha_rushia_(1st_costume),4,0
8824,yellow_bodysuit,0,0
8825,>o<,0,0
8826,alhaitham_(genshin_impact),4,0
8827,asami_sato,4,0
8828,between_buttocks,0,0
8829,camcorder,0,0
8830,chinatsu_(hot_spring)_(blue_archive),4,0
8831,cold,0,0
8832,dirty_feet,0,0
8833,dropping,0,0
8834,gears,0,0
8835,gravity_falls,0,0
8836,gridman_universe_(film),0,0
8837,hat_belt,0,0
8838,kiana_kaslana_(herrscher_of_finality),4,0
8839,mutsuki_(new_year)_(blue_archive),4,0
8840,noelle_silva,4,0
8841,screen_light,0,0
8842,sewayaki_kitsune_no_senko-san,0,0
8843,shizuko_(swimsuit)_(blue_archive),4,0
8844,single_ear_down,0,0
8845,unworn_hair_ornament,0,0
8846,ursula_(23),4,0
8847,yellow_scarf,0,0
8848,akuma_nihmune,4,0
8849,cockpit,0,0
8850,deerstalker,0,0
8851,g11_(girls'_frontline),4,0
8852,gilgamesh_(fate),4,0
8853,hina_(pajamas)_(blue_archive),4,0
8854,iridescent,0,0
8855,jeanne_d'arc_(swimsuit_archer)_(first_ascension)_(fate),4,0
8856,ketchup,0,0
8857,koizumi_hanayo,4,0
8858,lifeguard,0,0
8859,makai_senki_disgaea,0,0
8860,no_sclera,0,0
8861,object_in_clothes,0,0
8862,oppai_challenge,0,0
8863,puffy_chest,0,0
8864,purple_nipples,0,0
8865,rocket_launcher,0,0
8866,shoebill_(kemono_friends),4,0
8867,skull_mask,0,0
8868,splash_page,0,0
8869,tickling_feet,0,0
8870,yuigahama_yui's_mother,4,0
8871,baggy_clothes,0,0
8872,brown_corset,0,0
8873,card_between_breasts,0,0
8874,chiyoda_momo,4,0
8875,extreme_gaping,0,0
8876,foreskin_pull,0,0
8877,fugue_(honkai:_star_rail),4,0
8878,futami_mami,4,0
8879,hairdressing,0,0
8880,high_contrast,0,0
8881,holocouncil,0,0
8882,irys_(irys_2.0)_(hololive),4,0
8883,marie_antoinette_(fate),4,0
8884,miss_fortune_(league_of_legends),4,0
8885,naked_tabard,0,0
8886,ningguang_(orchid's_evening_gown)_(genshin_impact),4,0
8887,rurudo_lion,4,0
8888,sexual_exercising,0,0
8889,sparks,0,0
8890,sundae,0,0
8891,tongue_grab,0,0
8892,video_game,0,0
8893,wet_spot,0,0
8894,arm_around_back,0,0
8895,baby_bottle,0,0
8896,censored_text,0,0
8897,crime_prevention_buzzer,0,0
8898,eagle,0,0
8899,flip_phone,0,0
8900,gerudo_set_(zelda),0,0
8901,ghost_in_the_shell,0,0
8902,goodsmile_racing,0,0
8903,hand_on_own_neck,0,0
8904,huohuo_(honkai:_star_rail),4,0
8905,iris_(pokemon),4,0
8906,kai'sa,4,0
8907,kayoko_(new_year)_(blue_archive),4,0
8908,kitchen_knife,0,0
8909,kouhaku_nawa,0,0
8910,lane_line,0,0
8911,multicolored_bow,0,0
8912,my_adventures_with_superman,0,0
8913,nipple_tweak_through_clothes,0,0
8914,oral_sandwich,0,0
8915,sakura_empire_(emblem),0,0
8916,snow_white_(nikke),4,0
8917,soda_(twinkling_bunny)_(nikke),4,0
8918,traffic_cone,0,0
8919,yellow_legwear,0,0
8920,3others,0,0
8921,beelzebub_(helltaker),4,0
8922,bird_on_hand,0,0
8923,busujima_saeko,4,0
8924,catura_(granblue_fantasy),4,0
8925,d_(nikke),4,0
8926,handjob_over_clothes,0,0
8927,happy_facial,0,0
8928,hexagon_print,0,0
8929,implied_bisexual,0,0
8930,k/da_ahri,4,0
8931,karlach,4,0
8932,mousetrap,0,0
8933,mummy,0,0
8934,nipple_bells,0,0
8935,o-ring_collar,0,0
8936,ojou-sama_pose,0,0
8937,pneuma_(xenoblade),4,0
8938,puffy_cheeks,0,0
8939,racing_miku,4,0
8940,rory_mercury,4,0
8941,single_hair_tube,0,0
8942,takanashi_rikka,4,0
8943,tentacle_grab,0,0
8944,under_shot,0,0
8945,airani_iofifteen,4,0
8946,artoria_pendragon_(lancer_alter)_(royal_icing)_(fate)_(cosplay),0,0
8947,blood_on_breasts,0,0
8948,brown_sleeves,0,0
8949,fountain,0,0
8950,franka_(arknights),4,0
8951,goldenglow_(arknights),4,0
8952,gradient-tinted_eyewear,0,0
8953,hitoyo_(baffu),4,0
8954,holding_fireworks,0,0
8955,horn_(arknights),4,0
8956,incoming_call,0,0
8957,kama_(swimsuit_avenger)_(third_ascension)_(fate),4,0
8958,kson,4,0
8959,medea_(fate),4,0
8960,michinoku_komaro,4,0
8961,mudrock_(elite_ii)_(arknights),4,0
8962,mutsuki_(dress)_(blue_archive),4,0
8963,priestess,0,0
8964,rance_(series),0,0
8965,seigaiha,0,0
8966,split_screen,0,0
8967,st._gloriana's_school_uniform,0,0
8968,straitjacket,0,0
8969,touhou_(pc-98),0,0
8970,tower_of_fantasy,0,0
8971,yunli_(honkai:_star_rail),4,0
8972,butterfly_on_hand,0,0
8973,cat_mask,0,0
8974,comic_aun,0,0
8975,fur_jacket,0,0
8976,holding_handcuffs,0,0
8977,kiana_kaslana_(herrscher_of_flamescion),4,0
8978,liquid_halo,0,0
8979,lyria_(granblue_fantasy),4,0
8980,odd_one_out,0,0
8981,omaru_polka_(1st_costume),4,0
8982,oni_mask,0,0
8983,prehensile_tongue,0,0
8984,punk,0,0
8985,rachnera_arachnera,4,0
8986,raiden_mei_(apho),4,0
8987,samsung,0,0
8988,shinano_(moonlit_chrome)_(azur_lane),4,0
8989,short_tail,0,0
8990,shorts_under_dress,0,0
8991,sleeping_upright,0,0
8992,spiked_jacket,0,0
8993,stile_uniform,0,0
8994,sukuna_shinmyoumaru,4,0
8995,under_kotatsu,0,0
8996,venom_(marvel),4,0
8997,whiteboard,0,0
8998,wii_fit,0,0
8999,working!!,0,0
9000,zhong_lanzhu,4,0
9001,bamboo_steamer,0,0
9002,biting_own_finger,0,0
9003,bokutachi_wa_benkyou_ga_dekinai,0,0
9004,coat_dress,0,0
9005,cowboy_boots,0,0
9006,crimvael,4,0
9007,cup_ramen,0,0
9008,diamond_hairband,0,0
9009,fire_emblem:_the_sacred_stones,0,0
9010,folder,0,0
9011,hay,0,0
9012,hoshikawa_sara_(1st_costume),4,0
9013,juufuutei_raden,4,0
9014,kusanagi_motoko,4,0
9015,monarch_(azur_lane),4,0
9016,nozomi_(princess_connect!),4,0
9017,picnic_basket,0,0
9018,plume,0,0
9019,scar_on_back,0,0
9020,son_goku,4,0
9021,squat_toilet,0,0
9022,suou_(blue_archive),4,0
9023,tirpitz_(azur_lane),4,0
9024,tsona_(nyantcha),4,0
9025,two-sided_coat,0,0
9026,unworn_legwear,0,0
9027,wakasagihime,4,0
9028,zooey_(granblue_fantasy),4,0
9029,aizawa_tomo,4,0
9030,artoria_pendragon_(swimsuit_archer)_(fate),4,0
9031,covering_another's_eyes,0,0
9032,double_halo,0,0
9033,green_coat,0,0
9034,hand_over_another's_mouth,0,0
9035,kagiyama_hina,4,0
9036,kitakami_(kancolle),4,0
9037,low-cut_armhole,0,0
9038,mahjong_soul,0,0
9039,minami_yume,4,0
9040,nakiri_ayame_(1st_costume),4,0
9041,one_piece_film:_red,0,0
9042,penetration_through_clothes,0,0
9043,riju,4,0
9044,skull_choker,0,0
9045,star-shaped_eyewear,0,0
9046,torn_bikini,0,0
9047,town,0,0
9048,victorious_(azur_lane),4,0
9049,violin,0,0
9050,wallpaper_(object),0,0
9051,wii_fit_trainer,4,0
9052,ace_of_spades,0,0
9053,araki_nonoka_(karaage_bou),4,0
9054,azki_(4th_costume)_(hololive),4,0
9055,blue_cloak,0,0
9056,boyshort_panties,0,0
9057,bra_slip,0,0
9058,breast_drop,0,0
9059,caenis_(second_ascension)_(fate),4,0
9060,chloe_von_einzbern_(archer_install),4,0
9061,chongyun_(genshin_impact),4,0
9062,combat_boots,0,0
9063,crazy_mita_(miside),4,0
9064,criss-cross_back-straps,0,0
9065,eriko_(princess_connect!),4,0
9066,fate_testarossa,4,0
9067,fedora,0,0
9068,guilty_gear_xx,0,0
9069,hawaiian_shirt,0,0
9070,himeragi_yukina,4,0
9071,lipstick_mark_on_ass,0,0
9072,nipple_penetration,0,0
9073,octoling_girl,4,0
9074,oversized_limbs,0,0
9075,oyashio_(kancolle),4,0
9076,ping_hai_(azur_lane),4,0
9077,price_tag,0,0
9078,riding_bicycle,0,0
9079,sheet_ghost,0,0
9080,sleeveless_turtleneck_dress,0,0
9081,street_fighter_iv_(series),0,0
9082,swim_cap,0,0
9083,tanline_peek,0,0
9084,tatakau_ataisuru,0,0
9085,tramp_stamp,0,0
9086,transparent_wings,0,0
9087,triangle-shaped_pupils,0,0
9088,yuuki_haru,4,0
9089,alisa_ilinichina_amiella,4,0
9090,bandaid_on_hand,0,0
9091,berserk,0,0
9092,breathing,0,0
9093,bruise_on_face,0,0
9094,chastity_belt,0,0
9095,comic_exe,0,0
9096,curious,0,0
9097,deer_tail,0,0
9098,flirting,0,0
9099,glowing_sword,0,0
9100,hand_on_leg,0,0
9101,ikazuchi_(kancolle),4,0
9102,kiryu_coco_(1st_costume),4,0
9103,nero_claudius_(olympian_bloomers)_(fate),4,0
9104,numbered,0,0
9105,orange_pantyhose,0,0
9106,penis_piercing,0,0
9107,real_world_location,0,0
9108,sagging_testicles,0,0
9109,seele_(alter_ego),4,0
9110,shinano_(dreamy_white_sands)_(azur_lane),4,0
9111,sword_over_shoulder,0,0
9112,torch,0,0
9113,upright_restraints,0,0
9114,wii_fit_trainer_(female),4,0
9115,august_von_parseval_(the_conquered_unhulde)_(azur_lane),4,0
9116,azura_(fire_emblem),4,0
9117,blade_(honkai:_star_rail),4,0
9118,bomber_jacket,0,0
9119,butterfly_ornament,0,0
9120,coconut_tree,0,0
9121,dobrynya_nikitich_(fate),4,0
9122,felix_argyle,4,0
9123,flat_chastity_cage,0,0
9124,hair_dryer,0,0
9125,hasshaku-sama,4,0
9126,heart_brooch,0,0
9127,hoshimachi_suisei_(casual),4,0
9128,inflatable_whale,0,0
9129,kim_possible_(series),0,0
9130,laser,0,0
9131,lighter,0,0
9132,mujina,4,0
9133,nitocris_(swimsuit_assassin)_(fate),4,0
9134,ookami_mio_(street),4,0
9135,oz_(genshin_impact),4,0
9136,sakuramori_kaori,4,0
9137,swing,0,0
9138,toast,0,0
9139,watashi_ni_tenshi_ga_maiorita!,0,0
9140,blue_headband,0,0
9141,drain_(object),0,0
9142,duct_tape,0,0
9143,eyjafjalla_(arknights),4,0
9144,gesugao,0,0
9145,guarana_antarctica,0,0
9146,gymnastics,0,0
9147,hatsuboshi_gakuen_school_uniform,0,0
9148,head_on_chest,0,0
9149,head_steam,0,0
9150,heart_lock_(kantai_collection),0,0
9151,kawakami_mai,4,0
9152,kitasan_black_(umamusume),4,0
9153,love_letter,0,0
9154,maki_oze,4,0
9155,miriam_(pokemon),4,0
9156,moth_girl,0,0
9157,onigirya_(nekomata_okayu),4,0
9158,oyama_mihari,4,0
9159,panties_on_head,0,0
9160,pom-pom_(honkai:_star_rail),4,0
9161,pot,0,0
9162,rainbow_hair,0,0
9163,rolling_suitcase,0,0
9164,samsung_sam,4,0
9165,sitting_on_water,0,0
9166,soccer_ball,0,0
9167,specter_the_unchained_(arknights),4,0
9168,stopwatch,0,0
9169,striped_arm_warmers,0,0
9170,two-tone_halo,0,0
9171,viper_(toxic_rabbit)_(nikke),4,0
9172,zero_no_kiseki,0,0
9173,arthropod_limbs,0,0
9174,backless_shirt,0,0
9175,blood_halo,0,0
9176,clarent_(fate),0,0
9177,comic_anthurium,0,0
9178,cow,0,0
9179,danua,4,0
9180,fiery_tail,0,0
9181,fortnite,0,0
9182,frilled_bikini_top,0,0
9183,gengar,4,0
9184,ink,0,0
9185,kitazawa_shiho,4,0
9186,leaf_(pokemon),4,0
9187,long_sidelocks,0,0
9188,nagae_iku,4,0
9189,nekomusume,4,0
9190,niijima_sae,4,0
9191,ofuda_on_head,0,0
9192,panty_tug,0,0
9193,pokemon_rgby,0,0
9194,polka_dot_scrunchie,0,0
9195,red_carpet,0,0
9196,ring-con,0,0
9197,ruffling_hair,0,0
9198,sakura_miko_(casual),4,0
9199,sheep,0,0
9200,tennoji_rina,4,0
9201,tiger,0,0
9202,wiping,0,0
9203,wreath,0,0
9204,x-ray_glasses,0,0
9205,yellow_belt,0,0
9206,zdrada_(helltaker),4,0
9207,86_-eightysix-,0,0
9208,afro,0,0
9209,anus_cutout,0,0
9210,apex_legends,0,0
9211,baseball_mitt,0,0
9212,battle_axe,0,0
9213,bikini_in_mouth,0,0
9214,cardigan_lift,0,0
9215,covering_one_eye,0,0
9216,cum_on_food,0,0
9217,demi-chan_wa_kataritai,0,0
9218,dissolving_clothes,0,0
9219,dizzy_(guilty_gear),4,0
9220,faust_(project_moon),4,0
9221,finger_sucking,0,0
9222,fire_keeper,4,0
9223,flower_knight_girl,0,0
9224,fold-over_boots,0,0
9225,fusuma,0,0
9226,game_screenshot_background,0,0
9227,game_screenshot_inset,0,0
9228,green-tinted_eyewear,0,0
9229,grey_ribbon,0,0
9230,heart-shaped_gem,0,0
9231,heavenly_boat_maanna,0,0
9232,hyrule_warriors,0,0
9233,lace-trimmed_skirt,0,0
9234,lawson,0,0
9235,leg_cutout,0,0
9236,mixing_bowl,0,0
9237,mounting,0,0
9238,mp40_(girls'_frontline),4,0
9239,nanami_chiaki,4,0
9240,palworld,0,0
9241,perseus_(unfamiliar_duties)_(azur_lane),4,0
9242,pool_table,0,0
9243,promare,0,0
9244,prostate,0,0
9245,pudding,0,0
9246,qin_liangyu_(fate),4,0
9247,sasaki_saku,4,0
9248,scarle_yonaguni,4,0
9249,shanghai_doll,4,0
9250,shell_bikini,0,0
9251,shirogane_kei,4,0
9252,shuriken,0,0
9253,team_fortress_2,0,0
9254,time_stop,0,0
9255,viper_(shine_of_love)_(nikke),4,0
9256,vulpisfoglia_(arknights),4,0
9257,year_of_the_dragon,0,0
9258,agent_(girls'_frontline),4,0
9259,basketball_uniform,0,0
9260,bikini_shorts,0,0
9261,brown_apron,0,0
9262,chalice,0,0
9263,coat_partially_removed,0,0
9264,crawling,0,0
9265,cross_halo,0,0
9266,cube,0,0
9267,destruction,0,0
9268,dynamax_band,0,0
9269,friend_(nanashi_mumei),4,0
9270,frilled_socks,0,0
9271,gareth_(fate),4,0
9272,grenade_pin,0,0
9273,guinaifen_(honkai:_star_rail),4,0
9274,handkerchief,0,0
9275,heattech_leotard,0,0
9276,hexagon,0,0
9277,johnston_(kancolle),4,0
9278,logo_parody,0,0
9279,pig_ears,0,0
9280,ribbon-trimmed_clothes,0,0
9281,sakura_miko_(1st_costume),4,0
9282,senran_kagura_estival_versus,0,0
9283,single_handcuff,0,0
9284,smokestack_hair_ornament,0,0
9285,spread_wings,0,0
9286,tendril,0,0
9287,tied_up_(nonsexual),0,0
9288,tombstone,0,0
9289,usami_renko,4,0
9290,ushiwakamaru_(swimsuit_assassin)_(fate),4,0
9291,wardrobe_error,0,0
9292,zombie_pose,0,0
9293,anya's_heh_face_(meme),0,0
9294,atago_(school_traumerei)_(azur_lane),4,0
9295,bat_ornament,0,0
9296,breast_padding,0,0
9297,candlelight,0,0
9298,candy_hair_ornament,0,0
9299,carapace,0,0
9300,chicken,0,0
9301,crow_(la+_darknesss),4,0
9302,elden_ring:_shadow_of_the_erdtree,0,0
9303,frilled_garter,0,0
9304,front_ponytail,0,0
9305,fur_cape,0,0
9306,hand_grip,0,0
9307,hugging_tail,0,0
9308,ishikei_(style),0,0
9309,kagero_(fire_emblem),4,0
9310,kami_jigen_game_neptune_v,0,0
9311,karin_(school_uniform)_(blue_archive),4,0
9312,kirby,4,0
9313,lala_satalin_deviluke,4,0
9314,larva_tiamat_(fate),4,0
9315,lin_(arknights),4,0
9316,m1911,0,0
9317,maya_(kancolle),4,0
9318,nail_(hardware),0,0
9319,nekomusume_(gegege_no_kitarou_6),4,0
9320,red_sky,0,0
9321,rika_(pokemon),4,0
9322,ring_fit_adventure,0,0
9323,saint_quartz_(fate),0,0
9324,screenshot_inset,0,0
9325,shun_(small)_(blue_archive),4,0
9326,sora_(blue_archive),4,0
9327,square_4koma,0,0
9328,todoroki_shoto,4,0
9329,two-tone_bra,0,0
9330,vira_(granblue_fantasy),4,0
9331,vladilena_millize,4,0
9332,white_corset,0,0
9333,wooden_sword,0,0
9334,xingqiu_(genshin_impact),4,0
9335,arm_across_waist,0,0
9336,blue_veil,0,0
9337,c:,0,0
9338,cafe_stella_to_shinigami_no_chou,0,0
9339,caren_hortensia,4,0
9340,crown_(nikke),4,0
9341,d_(killer_wife)_(nikke),4,0
9342,forced_smile,0,0
9343,huge_bow,0,0
9344,kiana_kaslana_(herrscher_of_the_void),4,0
9345,kirschtaria_wodime,4,0
9346,lois_lane,4,0
9347,mahou_shoujo_lyrical_nanoha_strikers,0,0
9348,morpeko_(full),4,0
9349,nelson_(azur_lane),4,0
9350,night_elf_(warcraft),0,0
9351,puppet,0,0
9352,pussy_press,0,0
9353,sakura_hibiki,4,0
9354,taimanin_asagi_kessen_arena,0,0
9355,teruzuki_(kancolle),4,0
9356,vanilla_(eden_(shiroki_yuutsu)),4,0
9357,wet_pantyhose,0,0
9358,white_leg_warmers,0,0
9359,wrestling_ring,0,0
9360,artoria_caster_(second_ascension)_(fate),4,0
9361,autofacial,0,0
9362,bite_mark_on_shoulder,0,0
9363,body_jewelry,0,0
9364,camouflage_pants,0,0
9365,cheek_pinching,0,0
9366,cum_on_chest,0,0
9367,downward_dog,0,0
9368,dust,0,0
9369,elsa_(frozen),4,0
9370,filia_(skullgirls),4,0
9371,flamethrower,0,0
9372,flower_choker,0,0
9373,gold_nails,0,0
9374,gradient_wings,0,0
9375,green_flower,0,0
9376,ibuki_(blue_archive),4,0
9377,imaizumin-chi_wa_douyara_gal_no_tamariba_ni_natteru_rashii,0,0
9378,iroha_(samurai_spirits),4,0
9379,junko_(blue_archive),4,0
9380,kishinami_hakuno_(female),4,0
9381,living_room,0,0
9382,maribel_hearn,4,0
9383,mochizuki_anna,4,0
9384,penis_ribbon,0,0
9385,pov_breasts,0,0
9386,purple_sash,0,0
9387,red_camisole,0,0
9388,ryu_lion,4,0
9389,unworn_swimsuit,0,0
9390,utau,0,0
9391,vehicle_interior,0,0
9392,x_x,0,0
9393,yui_(ceremonial)_(princess_connect!),4,0
9394,aqua_hairband,0,0
9395,asymmetrical_arms,0,0
9396,bremerton_(relaxation_consultation)_(azur_lane),4,0
9397,cow_costume,0,0
9398,food-themed_earrings,0,0
9399,hair_branch,0,0
9400,hugging_another's_leg,0,0
9401,implied_ejaculation,0,0
9402,ironmouse,4,0
9403,jade_(honkai:_star_rail),4,0
9404,jeanne_d'arc_alter_santa_lily_(fate),4,0
9405,light_bulb,0,0
9406,megido72,0,0
9407,murata_himeko,4,0
9408,mutual_orgasm,0,0
9409,nefertari_vivi,4,0
9410,patch,0,0
9411,poison_(final_fight),4,0
9412,regensburg_(azur_lane),4,0
9413,riyo_(lyomsnpmp)_(style),0,0
9414,sailor,0,0
9415,sleeveless_bodysuit,0,0
9416,star_sapphire,4,0
9417,terrance_rainer,4,0
9418,toothbrush_in_mouth,0,0
9419,two-tone_necktie,0,0
9420,waist_cutout,0,0
9421,wireless_earphones,0,0
9422,yorra_villeneuve_(nyantcha),4,0
9423,yuusha_de_aru,0,0
9424,advanced_nurturing_high_school_uniform,0,0
9425,blue_sarong,0,0
9426,brick_floor,0,0
9427,brid_(nikke),4,0
9428,canvas_(object),0,0
9429,chocolate_bar,0,0
9430,clueless,0,0
9431,courtney_(pokemon),4,0
9432,crepe,0,0
9433,digital_thermometer,0,0
9434,feather-trimmed_jacket,0,0
9435,final_fantasy_xv,0,0
9436,fire_emblem:_path_of_radiance,0,0
9437,holding_toothbrush,0,0
9438,intrepid_(kancolle),4,0
9439,invisible_floor,0,0
9440,jashin-chan_dropkick,0,0
9441,kamoi_(kancolle),4,0
9442,kijin_seija,4,0
9443,kuro_no_kiseki_(series),0,0
9444,light_trail,0,0
9445,martina_(dq11),4,0
9446,mina_(blue_archive),4,0
9447,out_of_character,0,0
9448,pink_coat,0,0
9449,predicament_bondage,0,0
9450,sleeveless_hoodie,0,0
9451,slime_sex,0,0
9452,snack,0,0
9453,spade_tattoo,0,0
9454,standing_double_penetration,0,0
9455,string_of_fate,0,0
9456,they_had_lots_of_sex_afterwards_(meme),0,0
9457,vignetting,0,0
9458,aether_foundation_employee,4,0
9459,anchor_necklace,0,0
9460,aphrodisiac,0,0
9461,architect_(girls'_frontline),4,0
9462,argyle_cutout,0,0
9463,armored_bodysuit,0,0
9464,barcode_scanner,0,0
9465,blue_feathers,0,0
9466,cum_in_footwear,0,0
9467,eastern_dragon,0,0
9468,gold_armor,0,0
9469,goldfish,0,0
9470,gradient_halo,0,0
9471,haite_kudasai_takamine-san,0,0
9472,holding_racket,0,0
9473,ivy_(fire_emblem),4,0
9474,lili_(tekken),4,0
9475,lucario,4,0
9476,nekomata_okayu_(membership),4,0
9477,netorase,0,0
9478,open_bikini,0,0
9479,red_hood_(nonsense_red)_(nikke),4,0
9480,red_moon,0,0
9481,rosario+vampire,0,0
9482,scepter,0,0
9483,sex_ed,0,0
9484,shakugan_no_shana,0,0
9485,snoot_challenge,0,0
9486,spread_anus_under_clothes,0,0
9487,star_of_david,0,0
9488,wading_pool,0,0
9489,after_footjob,0,0
9490,algerie_(azur_lane),4,0
9491,arcane_vi,4,0
9492,azula,4,0
9493,bakugou_mitsuki,4,0
9494,buying_condoms,0,0
9495,card_(medium),0,0
9496,clown,0,0
9497,cutting_board,0,0
9498,fletcher_(kancolle),4,0
9499,glaceon,4,0
9500,helluva_boss,0,0
9501,hirume_of_heavenly_incense,4,0
9502,holding_mop,0,0
9503,homura_(senran_kagura),4,0
9504,horned_helmet,0,0
9505,igarashi_kyoko,4,0
9506,jill_valentine,4,0
9507,kamiya_nao,4,0
9508,mega_pokemon,0,0
9509,naruse_mio,4,0
9510,okita_j._souji_(fate),4,0
9511,on_railing,0,0
9512,on_shoulder,0,0
9513,orange_headwear,0,0
9514,palms_together,0,0
9515,pussy_jewelry,0,0
9516,red_umbrella,0,0
9517,robin_(arknights),4,0
9518,saint-louis_(azur_lane),4,0
9519,scar_on_forehead,0,0
9520,senkawa_chihiro,4,0
9521,sideroca_(light_breeze)_(arknights),4,0
9522,single_vertical_stripe,0,0
9523,spitting,0,0
9524,strawberry_shortcake,0,0
9525,super_saiyan,0,0
9526,tail_pull,0,0
9527,takamine_takane,4,0
9528,top_pull,0,0
9529,trinity_general_school_logo,0,0
9530,undone_bikini,0,0
9531,yuna_(biya_(1024)),4,0
9532,yuni_(princess_connect!),4,0
9533,ayanami_(retrofit)_(azur_lane),4,0
9534,bear_hair_ornament,0,0
9535,bikini_bridge,0,0
9536,constellation_print,0,0
9537,crt,0,0
9538,dove,0,0
9539,f-ism,0,0
9540,finger_to_another's_mouth,0,0
9541,futatsuiwa_mamizou,4,0
9542,hair_vines,0,0
9543,heart-shaped_eyes,0,0
9544,hirogaru_sky!_precure,0,0
9545,ibuki_tsubasa,4,0
9546,kuroe_shizuku_(cosplay),0,0
9547,landscape,0,0
9548,me!me!me!,0,0
9549,medusa_(lancer)_(fate),4,0
9550,miquella_(elden_ring),4,0
9551,plant_girl,0,0
9552,rabbit_platoon_(blue_archive),0,0
9553,rapunzel_(nikke),4,0
9554,relaxing,0,0
9555,see-through_camisole,0,0
9556,stroking_own_chin,0,0
9557,tera_online,0,0
9558,testicle_peek,0,0
9559,tighnari_(genshin_impact),4,0
9560,torn_jacket,0,0
9561,u.a._cheerleader_uniform,0,0
9562,unohana_retsu,4,0
9563,wizarding_world,0,0
9564,zom_100:_zombie_ni_naru_made_ni_shitai_100_no_koto,0,0
9565,abstract_background,0,0
9566,abuse,0,0
9567,aiba_yumi,4,0
9568,anya_melfissa,4,0
9569,brown_necktie,0,0
9570,carrot_necklace,0,0
9571,corrin_(male)_(fire_emblem),4,0
9572,degenbrecher_(arknights),4,0
9573,embroidered_panties,0,0
9574,entrance,0,0
9575,green_neckwear,0,0
9576,hikage_(senran_kagura),4,0
9577,holding_cane,0,0
9578,honolulu_(summer_accident?!)_(azur_lane),4,0
9579,japanese_flag,0,0
9580,jean_(sea_breeze_dandelion)_(genshin_impact),4,0
9581,kouhai-chan_(douki-chan),4,0
9582,kroos_(arknights),4,0
9583,lord_camelot_(fate),0,0
9584,multiple_legs,0,0
9585,pink_babydoll,0,0
9586,power_bottom,0,0
9587,red_wrist_cuffs,0,0
9588,rubber_gloves,0,0
9589,scar_on_breasts,0,0
9590,seatbelt,0,0
9591,self_wedgie,0,0
9592,shalltear_bloodfallen,4,0
9593,skull_necklace,0,0
9594,small_horns,0,0
9595,star_ocean_anamnesis,0,0
9596,summertime_render,0,0
9597,uzaki_yanagi,4,0
9598,yellow_coat,0,0
9599,yellow_sash,0,0
9600,ar-15,0,0
9601,begging,0,0
9602,breast_pillow,0,0
9603,eden_(honkai_impact),4,0
9604,gotland_(kancolle),4,0
9605,hellhound_(monster_girl_encyclopedia),4,0
9606,holding_whistle,0,0
9607,hydrangea,0,0
9608,implied_handjob,0,0
9609,jibril_(no_game_no_life),4,0
9610,kamiya_midori,4,0
9611,kino_no_tabi,0,0
9612,kuririn,4,0
9613,light_machine_gun,0,0
9614,lina_(michihasu),4,0
9615,luigi,4,0
9616,made_in_abyss,0,0
9617,mejiro_mcqueen_(umamusume),4,0
9618,micchan_(ohisashiburi),4,0
9619,mikakunin_de_shinkoukei,0,0
9620,minakami_sayo,4,0
9621,moss,0,0
9622,natsuiro_matsuri_(matsuri's_day_off),4,0
9623,overcast,0,0
9624,polka_dot_pajamas,0,0
9625,satake_minako,4,0
9626,shana,4,0
9627,sheep_tail,0,0
9628,translucent,0,0
9629,untucked_shirt,0,0
9630,unworn_hairband,0,0
9631,uta_(one_piece),4,0
9632,veiny_hands,0,0
9633,against_table,0,0
9634,bernadetta_von_varley,4,0
9635,centorea_shianus,4,0
9636,dwarf,0,0
9637,evelynn_(league_of_legends),4,0
9638,female_protagonist_(pokemon_go),4,0
9639,grey_one-piece_swimsuit,0,0
9640,held_down,0,0
9641,hieroglyphics,0,0
9642,holding_wrench,0,0
9643,jester,0,0
9644,katou_asuka,4,0
9645,kino_(kino_no_tabi),4,0
9646,kitauji_high_school_uniform,0,0
9647,mdr_(girls'_frontline),4,0
9648,pouty_lips,0,0
9649,purple_neckerchief,0,0
9650,purple_rope,0,0
9651,purple_slingshot_swimsuit,0,0
9652,red_trim,0,0
9653,reverse_nursing_fingering,0,0
9654,sakimiya_iruka,4,0
9655,side_slit_shorts,0,0
9656,single_knee_pad,0,0
9657,small_penis_humiliation,0,0
9658,suzuka_gozen_(swimsuit_rider)_(fate),4,0
9659,sweets,0,0
9660,sword_behind_back,0,0
9661,trainer_(umamusume),4,0
9662,washing_hair,0,0
9663,workout_clothes,0,0
9664,.live,0,0
9665,akizuki_(kancolle),4,0
9666,araragi_koyomi,4,0
9667,brown_shawl,0,0
9668,comic_bavel,0,0
9669,furisode,0,0
9670,grabbed_breast_over_shoulder,0,0
9671,holding_stick,0,0
9672,ilsa_(granblue_fantasy),4,0
9673,"implacable_(shepherd_of_the_""lost"")_(azur_lane)",4,0
9674,kishin_sagume,4,0
9675,mahjong_tile,0,0
9676,melusine_(swimsuit_ruler)_(first_ascension)_(fate),4,0
9677,nanatsu_no_taizai,0,0
9678,neck_fur,0,0
9679,otogi_(blue_archive),4,0
9680,otome_gee_sekai_wa_mob_ni_kibishii_sekai_desu,0,0
9681,owl,0,0
9682,piercing_pull,0,0
9683,sengoku_nadeko,4,0
9684,separated_legs,0,0
9685,shirt_partially_removed,0,0
9686,shorekeeper_(wuthering_waves),4,0
9687,tekken_7,0,0
9688,white_blindfold,0,0
9689,wisteria,0,0
9690,annytf,4,0
9691,aqua_footwear,0,0
9692,aura_bullying_(meme),0,0
9693,beamed_eighth_notes,0,0
9694,black_sweater_vest,0,0
9695,cuffs-to-collar,0,0
9696,dark_willow,4,0
9697,double_vaginal,0,0
9698,fish_tattoo,0,0
9699,florence_nightingale_(trick_or_treatment)_(fate)_(cosplay),0,0
9700,hakuryuu_(azur_lane),4,0
9701,holly_hair_ornament,0,0
9702,hologram,0,0
9703,holographic_clothing,0,0
9704,igawa_sakura,4,0
9705,kasodani_kyouko,4,0
9706,keroro_gunsou,0,0
9707,kupaa,0,0
9708,looking_at_self,0,0
9709,magical_ruby,4,0
9710,mishiranu_joshikousei_ni_kankin_sareta_mangaka_no_hanashi,0,0
9711,mitre,0,0
9712,mmm_threesome,0,0
9713,modeling,0,0
9714,nipple_tassels,0,0
9715,panicking,0,0
9716,polka_dot_dress,0,0
9717,poncho,0,0
9718,quadruple_amputee,0,0
9719,sharp_tail,0,0
9720,spiked_anklet,0,0
9721,sports_panties,0,0
9722,taihou_(phoenix's_spring_song)_(azur_lane),4,0
9723,takafuji_kako,4,0
9724,tokoro_megumi,4,0
9725,tomoe_gozen_(swimsuit_saber)_(first_ascension)_(fate),4,0
9726,train_station,0,0
9727,anal_ball_wear,0,0
9728,ankle_lace-up,0,0
9729,ben_10,0,0
9730,black_hood,0,0
9731,boy_sandwich,0,0
9732,broken_weapon,0,0
9733,bus_stop,0,0
9734,cbt,0,0
9735,cross-laced_top,0,0
9736,fishnet_legwear,0,0
9737,flannery_(pokemon),4,0
9738,hades_(series),0,0
9739,hongryeon_(last_origin),4,0
9740,low-tied_sidelocks,0,0
9741,lowleg_skirt,0,0
9742,mace,0,0
9743,magisa_(granblue_fantasy),4,0
9744,oiled,0,0
9745,pela_(honkai:_star_rail),4,0
9746,performance_juxtaposition,0,0
9747,skeleton_print,0,0
9748,sparkle_hair_ornament,0,0
9749,spongebob_squarepants_(series),0,0
9750,super_robot_wars,0,0
9751,symmetry,0,0
9752,taimanin_murasaki,0,0
9753,utsushimi_kemii,4,0
9754,wet_legwear,0,0
9755,wet_skirt,0,0
9756,adepta_sororitas,4,0
9757,alcohol_carton,0,0
9758,argyle_legwear,0,0
9759,bambietta_basterbine,4,0
9760,boar,0,0
9761,cat_day,0,0
9762,eagle_union_(emblem),0,0
9763,ellen_joe_(on_campus),4,0
9764,elven_forest_maker,4,0
9765,eyewear_strap,0,0
9766,fighter_(granblue_fantasy),4,0
9767,frilled_straps,0,0
9768,gag_around_neck,0,0
9769,giovanna_(guilty_gear),4,0
9770,grey_neckerchief,0,0
9771,hand_on_lap,0,0
9772,heaven's_feel,0,0
9773,impossible_sweater,0,0
9774,ingrid_(taimanin_murasaki),4,0
9775,irene_(kanniiepan),4,0
9776,kanon,0,0
9777,mole_on_areola,0,0
9778,ning_hai_(azur_lane),4,0
9779,obese,0,0
9780,official_art_inset,0,0
9781,rectangular_mouth,0,0
9782,school_hat,0,0
9783,scylla,0,0
9784,shopping,0,0
9785,shuten_douji_(halloween_caster)_(fate),4,0
9786,skin_suit_(stellar_blade),0,0
9787,striped_one-piece_swimsuit,0,0
9788,syuen_(nikke),4,0
9789,tashkent_(azur_lane),4,0
9790,torn_sweater,0,0
9791,uva_academy_school_uniform,0,0
9792,winking_(animated),0,0
9793,yang_guifei_(second_ascension)_(fate),4,0
9794,zipper_dress,0,0
9795,against_fence,0,0
9796,ao_no_kiseki,0,0
9797,arcane_caitlyn,4,0
9798,argyle_background,0,0
9799,board_game,0,0
9800,burnt_clothes,0,0
9801,claw_foot_bathtub,0,0
9802,dolphin_hair_ornament,0,0
9803,fediel_(granblue_fantasy),4,0
9804,foreclosure_task_force_(blue_archive),0,0
9805,iris_heart,4,0
9806,irisviel_von_einzbern,4,0
9807,itokonoue_kaoru,4,0
9808,kindergarten_uniform,0,0
9809,kita_high_school_uniform,0,0
9810,konata_(kankin_jk),4,0
9811,murasaki_shikibu_(swimsuit_rider)_(fate),4,0
9812,ninomiya_asuka,4,0
9813,nyatasha_nyanners,4,0
9814,rapi_(red_hood)_(nikke),4,0
9815,runes,0,0
9816,scott_pilgrim_(series),0,0
9817,soccer_uniform,0,0
9818,tablecloth,0,0
9819,tailless_(zenless_zone_zero),4,0
9820,tenga,0,0
9821,uchiha_sarada,4,0
9822,unworn_pantyhose,0,0
9823,xenoblade_chronicles_3:_future_redeemed,0,0
9824,yorigami_jo'on,4,0
9825,araragi_karen,4,0
9826,brown_bowtie,0,0
9827,bulging_eyes,0,0
9828,chiaki_(blue_archive),4,0
9829,drake_(nikke),4,0
9830,embroidery,0,0
9831,finger_to_face,0,0
9832,fur_choker,0,0
9833,g36_(girls'_frontline),4,0
9834,green-framed_eyewear,0,0
9835,grey_flower,0,0
9836,hand_around_waist,0,0
9837,head_on_another's_shoulder,0,0
9838,holding_carrot,0,0
9839,kula_diamond,4,0
9840,kurodani_yamame,4,0
9841,lyney_(genshin_impact),4,0
9842,may_of_doom,4,0
9843,meltryllis_(swimsuit_lancer)_(first_ascension)_(fate),4,0
9844,navel_hair,0,0
9845,o-ring_harness,0,0
9846,oda_nobunaga_(koha-ace),4,0
9847,paw_print_soles,0,0
9848,porch,0,0
9849,race_vehicle,0,0
9850,ribbon-trimmed_bra,0,0
9851,rosanna_(chic_ocean)_(nikke),4,0
9852,rubbing,0,0
9853,sansei_muramasa,4,0
9854,semiramis_(fate),4,0
9855,shell_necklace,0,0
9856,shoulder_grab,0,0
9857,smile_precure!,0,0
9858,solid_circle_eyes,0,0
9859,string_of_flags,0,0
9860,tsukino_mito_(1st_costume),4,0
9861,warspite_(azur_lane),4,0
9862,white_umbrella,0,0
9863,atalanta_alter_(fate),4,0
9864,boros_(ouro_kronii),4,0
9865,bowing,0,0
9866,bust_chart,0,0
9867,cupboard,0,0
9868,fake_cover,0,0
9869,flashlight,0,0
9870,floating_rock,0,0
9871,green_ascot,0,0
9872,grenade_launcher,0,0
9873,grima_(fire_emblem),4,0
9874,high-low_skirt,0,0
9875,holding_key,0,0
9876,hooded_cardigan,0,0
9877,hydrokinesis,0,0
9878,lio_fotia,4,0
9879,mascot,0,0
9880,muted_color,0,0
9881,nayuta_(chainsaw_man),4,0
9882,nightcap,0,0
9883,other_focus,0,0
9884,oversized_forearms,0,0
9885,paw_print_background,0,0
9886,potara_earrings,0,0
9887,print_leotard,0,0
9888,ribbon_braid,0,0
9889,serval_landau,4,0
9890,shibuya_kanon,4,0
9891,shinano_(dreams_of_the_hazy_moon)_(azur_lane),4,0
9892,shirayuki_chiyo,4,0
9893,sidewalk,0,0
9894,strap_break,0,0
9895,toe-point,0,0
9896,v-bangs,0,0
9897,youjo_senki,0,0
9898,yukikaze_(kancolle),4,0
9899,z1_leberecht_maass_(kancolle),4,0
9900,anal_hook,0,0
9901,argyle_thighhighs,0,0
9902,bb_dubai_(fate),4,0
9903,club_(shape),0,0
9904,cowboy_bebop,0,0
9905,dark_room,0,0
9906,father_and_son,0,0
9907,hand_on_own_foot,0,0
9908,holding_lantern,0,0
9909,kujou_karen,4,0
9910,length_markings,0,0
9911,maria_the_ripper,0,0
9912,miyako_yoshika,4,0
9913,nana_asta_deviluke,4,0
9914,nanakusa_hazuki,4,0
9915,noumu_(boku_no_hero_academia),4,0
9916,nyopu,4,0
9917,on_water,0,0
9918,petra_macneary,4,0
9919,purple_camisole,0,0
9920,puzzle_&_dragons,0,0
9921,removing_legwear,0,0
9922,saileach_(arknights),4,0
9923,sen_no_kiseki_iii,0,0
9924,senren_banka,0,0
9925,shirayuki_ren,4,0
9926,shoejob,0,0
9927,solid_oval_eyes,0,0
9928,sumire_(blue_archive),4,0
9929,toramaru_shou,4,0
9930,tuanshan,0,0
9931,uchiha_sasuke,4,0
9932,virgin_killer_outfit,0,0
9933,aegir_(golden_dragon_among_auspicious_clouds)_(azur_lane),4,0
9934,after_insertion,0,0
9935,akai_haato_(1st_costume),4,0
9936,alsace_(heat_beating_summer_sacrament)_(azur_lane),4,0
9937,applying_sunscreen,0,0
9938,brush,0,0
9939,bunny_and_fox_world,0,0
9940,clear_sky,0,0
9941,cloud_tattoo,0,0
9942,dr._stone,0,0
9943,dualshock,0,0
9944,dyed_bangs,0,0
9945,guy_tired_after_sex_(meme),0,0
9946,heart_halo,0,0
9947,hoshino_miyako_(wataten),4,0
9948,k/da_akali,4,0
9949,kuji-in,0,0
9950,lace_sleeves,0,0
9951,louise_francoise_le_blanc_de_la_valliere,4,0
9952,maken-ki!,0,0
9953,misora_(princess_connect!),4,0
9954,nagao_kagetora_(fate),4,0
9955,niya_(blue_archive),4,0
9956,pokobee,4,0
9957,prank,0,0
9958,self_cosplay,0,0
9959,serval_print,0,0
9960,shining_(series),0,0
9961,shiranui_mai_(cosplay),0,0
9962,shiratsuyu_(kancolle),4,0
9963,sitting_in_tree,0,0
9964,skateboard,0,0
9965,thoma_(genshin_impact),4,0
9966,yokoyama_ishimi,4,0
9967,aunt_and_nephew,0,0
9968,broken_heart,0,0
9969,counters_(nikke),0,0
9970,crosswalk,0,0
9971,from_outside,0,0
9972,gemma_(monster_hunter_wilds),4,0
9973,good_ass_day,0,0
9974,hair_focus,0,0
9975,heads-up_display,0,0
9976,hina_(genshin_impact),4,0
9977,holding_cat,0,0
9978,hooded_vest,0,0
9979,ichijou_hotaru,4,0
9980,infinity_symbol,0,0
9981,jeanne_d'arc_(girl_from_orleans)_(fate),4,0
9982,kagamine_len,4,0
9983,koshimizu_sachiko,4,0
9984,matoba_risa,4,0
9985,measurements,0,0
9986,melusine_(second_ascension)_(fate),4,0
9987,mononobe_no_futo,4,0
9988,multi-strapped_bra,0,0
9989,noble_witches,0,0
9990,on_innertube,0,0
9991,phoebe_(wuthering_waves),4,0
9992,pokemon_rse_(anime),0,0
9993,popsicle_stick,0,0
9994,print_bow,0,0
9995,print_shorts,0,0
9996,pump_action,0,0
9997,quad_drills,0,0
9998,reptile_girl,0,0
9999,robin_(male)_(fire_emblem),4,0
10000,saotome_shino_(shino_to_ren),4,0
10001,scarlet_(black_shadow)_(nikke),4,0
10002,shotgun_shell,0,0
10003,shyrei_faolan,4,0
10004,star_ornament,0,0
10005,street_fighter_iii_(series),0,0
10006,tail_insertion,0,0
10007,tiered_tray,0,0
10008,tsuyuri_kanao,4,0
10009,white_uniform,0,0
10010,yuru_yuri,0,0
10011,ammunition_belt,0,0
10012,artoria_caster_(swimsuit_berserker)_(first_ascension)_(fate),4,0
10013,bear_position,0,0
10014,bike_shorts_under_shorts,0,0
10015,black_male_underwear,0,0
10016,body_hair,0,0
10017,cat_teaser,0,0
10018,cu-no,0,0
10019,cut-in,0,0
10020,dragon_claw,0,0
10021,expressive_hair,0,0
10022,hanami_saki,4,0
10023,hands_on_floor,0,0
10024,headboard,0,0
10025,jingasa,0,0
10026,kama_(second_ascension)_(fate),4,0
10027,kama_(third_ascension)_(fate),4,0
10028,karakasa_obake,0,0
10029,liskarm_(arknights),4,0
10030,mechanical_spine,0,0
10031,nepgear,4,0
10032,orange_pupils,0,0
10033,overall_shorts,0,0
10034,pee_stain,0,0
10035,pink_headband,0,0
10036,pocky_kiss,0,0
10037,rainbow_mika,4,0
10038,shiny_footwear,0,0
10039,smol_ame,4,0
10040,stuffed_unicorn,0,0
10041,tickling_armpits,0,0
10042,tifa_lockhart_(refined_dress),4,0
10043,toaru_kagaku_no_railgun_t,0,0
10044,amane_kanata_(1st_costume),4,0
10045,arknights:_endfield,0,0
10046,baobhan_sith_(second_ascension)_(fate),4,0
10047,bouncing,0,0
10048,cactus,0,0
10049,chise_(swimsuit)_(blue_archive),4,0
10050,daifuku_(yukihana_lamy),4,0
10051,delicious_party_precure,0,0
10052,dolphin,0,0
10053,doremy_sweet,4,0
10054,eldritch_abomination,0,0
10055,female_admiral_(kancolle),4,0
10056,frilled_headwear,0,0
10057,guro,0,0
10058,happi,0,0
10059,haramura_nodoka,4,0
10060,hatsune_(princess_connect!),4,0
10061,hospital,0,0
10062,kama_(first_ascension)_(fate),4,0
10063,kearsarge_(all_night_charge)_(azur_lane),4,0
10064,kemomimi_refle!,0,0
10065,kosaka_honoka,4,0
10066,liquor,0,0
10067,mauser_98,0,0
10068,metroid_dread,0,0
10069,nagato_(great_fox's_respite)_(azur_lane),4,0
10070,papi_(monster_musume),4,0
10071,pencil_case,0,0
10072,projectile_cumdrip,0,0
10073,quanxi_(chainsaw_man),4,0
10074,saliva_swap,0,0
10075,shirogane_noel_(school_uniform),4,0
10076,tokyo-3_middle_school_uniform,0,0
10077,touhoku_itako,4,0
10078,white_snake,0,0
10079,yellow_pants,0,0
10080,akemi_homura_(magical_girl),4,0
10081,alchemy_stars,0,0
10082,asashio_kai_ni_(kancolle),4,0
10083,ball_and_chain_restraint,0,0
10084,band_shirt,0,0
10085,barista,0,0
10086,battle_rifle,0,0
10087,burning,0,0
10088,cat_o'_nine_tails,0,0
10089,circle,0,0
10090,criss-cross_straps,0,0
10091,dragon_tattoo,0,0
10092,eden_academy_school_uniform,0,0
10093,fake_facial_hair,0,0
10094,hand_on_railing,0,0
10095,himiko_(fate),4,0
10096,holding_another's_tail,0,0
10097,holding_test_tube,0,0
10098,homu_(honkai_impact),4,0
10099,kaleidostick,0,0
10100,kara_no_kyoukai,0,0
10101,kidnapped,0,0
10102,kunio-kun_series,0,0
10103,legband,0,0
10104,leon_s._kennedy,4,0
10105,lyra_(pokemon),4,0
10106,marceline_abadeer,4,0
10107,multicolored_panties,0,0
10108,otaku,0,0
10109,pripara,0,0
10110,red_blindfold,0,0
10111,rosary,0,0
10112,sainan_high_school_uniform,0,0
10113,see-through_thighhighs,0,0
10114,sena_(blue_archive),4,0
10115,shikanoko_nokonoko_koshitantan,0,0
10116,snuffy_(vtuber),4,0
10117,spray_can,0,0
10118,stitched_arm,0,0
10119,swimsuit_hanger,0,0
10120,utnapishtim_operator_uniform_(blue_archive),0,0
10121,yuuki_yuuna_wa_yuusha_de_aru,0,0
10122,all_the_way_through,0,0
10123,aqua_gloves,0,0
10124,bakugou_katsuki,4,0
10125,black_bustier,0,0
10126,black_rock_shooter_(character),4,0
10127,bubble_bath,0,0
10128,charybdis_(azur_lane),4,0
10129,clothed_pokemon,0,0
10130,collared_vest,0,0
10131,dark_aura,0,0
10132,dif_(difman),4,0
10133,excalibur_morgan_(fate),0,0
10134,facing_back,0,0
10135,focalors_(genshin_impact),4,0
10136,fur_cuffs,0,0
10137,goat-chan_(enarane),4,0
10138,gundam_seed_destiny,0,0
10139,hand_wraps,0,0
10140,harry_potter_(series),0,0
10141,honolulu_(umbrella_girl)_(azur_lane),4,0
10142,hug_and_suck,0,0
10143,love_train,0,0
10144,mineta_minoru,4,0
10145,mole_on_leg,0,0
10146,motorcycle_helmet,0,0
10147,neglect_play,0,0
10148,orange_pants,0,0
10149,orange_pubic_hair,0,0
10150,ponytail_holder,0,0
10151,priite_hari_(torriet),4,0
10152,prison_school,0,0
10153,selfie_stick,0,0
10154,senko_(sewayaki_kitsune_no_senko-san),4,0
10155,shego,4,0
10156,sophie_neuenmuller,4,0
10157,spiked_dildo,0,0
10158,sylveon,4,0
10159,taneshima_popura,4,0
10160,two-sided_skirt,0,0
10161,unworn_goggles,0,0
10162,usami_sumireko,4,0
10163,ushiwakamaru_(swimsuit_assassin)_(first_ascension)_(fate),4,0
10164,verniy_(kancolle),4,0
10165,amagi_yukiko,4,0
10166,baobhan_sith_(swimsuit_pretender)_(fate),4,0
10167,bars,0,0
10168,beretta_92,0,0
10169,bikini_day,0,0
10170,black_cat_(marvel),4,0
10171,blood_on_arm,0,0
10172,brown_theme,0,0
10173,brushing_another's_hair,0,0
10174,cellphone_charm,0,0
10175,collar_jewel,0,0
10176,comic_kairakuten,0,0
10177,cross-laced_sleeves,0,0
10178,death-sensei_(mori_calliope),4,0
10179,delia_ketchum,4,0
10180,dendra_(pokemon),4,0
10181,diamond_earrings,0,0
10182,downpants,0,0
10183,electric_plug,0,0
10184,fennec_(kemono_friends),4,0
10185,gravity_daze,0,0
10186,guam_(azur_lane),4,0
10187,helicopter,0,0
10188,holding_barcode_scanner,0,0
10189,hololive_grand_theft_auto,0,0
10190,hooded_robe,0,0
10191,hyakkaou_academy_school_uniform,0,0
10192,imminent_cunnilingus,0,0
10193,jabami_yumeko,4,0
10194,loona_(helluva_boss),4,0
10195,metal_gear_rising:_revengeance,0,0
10196,mitakihara_school_uniform,0,0
10197,negev_(girls'_frontline),4,0
10198,orange_choker,0,0
10199,orange_tail,0,0
10200,river_city_girls,0,0
10201,roulette_table,0,0
10202,shoelaces,0,0
10203,the_witcher_(series),0,0
10204,tokiwadai_school_gym_uniform,0,0
10205,yellow_raincoat,0,0
10206,airi_(band)_(blue_archive),4,0
10207,bell_earrings,0,0
10208,belly_dancing,0,0
10209,black_straps,0,0
10210,cyno_(genshin_impact),4,0
10211,dirty_talk,0,0
10212,eye_focus,0,0
10213,final_fantasy_x,0,0
10214,flower_hairpin,0,0
10215,frilled_babydoll,0,0
10216,harmonie_(arknights),4,0
10217,hataraku_saibou_black,0,0
10218,heart_panties,0,0
10219,holding_clothes_hanger,0,0
10220,holding_jewelry,0,0
10221,hoyofair,0,0
10222,ines_(arknights),4,0
10223,island,0,0
10224,kar98k_(girls'_frontline),4,0
10225,kigurumi,0,0
10226,kirino_(swimsuit)_(blue_archive),4,0
10227,kronshtadt_(azur_lane),4,0
10228,owl_ears,0,0
10229,padded_jacket,0,0
10230,pajamas_pull,0,0
10231,panties_visible_through_clothes,0,0
10232,pyrrha_nikos,4,0
10233,quintuplets,0,0
10234,reindeer_costume,0,0
10235,ribbon-trimmed_dress,0,0
10236,sakura_(nikke),4,0
10237,screentones,0,0
10238,shirakami_fubuki_(loungewear),4,0
10239,shirt_slip,0,0
10240,sig_556,0,0
10241,slim_legs,0,0
10242,sovetskaya_rossiya_(azur_lane),4,0
10243,strawberry_hair_ornament,0,0
10244,sunrise,0,0
10245,tamamo_no_mae_(swimsuit_lancer)_(third_ascension)_(fate),4,0
10246,tanya_degurechaff,4,0
10247,two-tone_wings,0,0
10248,underwater_sex,0,0
10249,viviana_(arknights),4,0
10250,xayah,4,0
10251,yosuga_no_sora,0,0
10252,\n/,0,0
10253,andou_(girls_und_panzer),4,0
10254,aqua_shorts,0,0
10255,arung_samudra_(cessa),4,0
10256,billiard_ball,0,0
10257,bite_mark_on_neck,0,0
10258,black_hakama,0,0
10259,blood_from_eyes,0,0
10260,brown_wings,0,0
10261,commander_(nier:automata),4,0
10262,condom_on_nipples,0,0
10263,dusk_(everything_is_a_miracle)_(arknights),4,0
10264,felicia_hardy,4,0
10265,grey_wolf_(kemono_friends),4,0
10266,holding_breath,0,0
10267,holding_own_breasts,0,0
10268,hololive_summer_2022_swimsuit,0,0
10269,i-19_(kancolle),4,0
10270,kittysuit,0,0
10271,kneepit_sex,0,0
10272,kurosaki_ichigo,4,0
10273,lady_avalon_(second_ascension)_(fate),4,0
10274,latex_dress,0,0
10275,maiden_(ice_rose)_(nikke),4,0
10276,nisekoi,0,0
10277,ombok_diving_and_delivery_services,0,0
10278,perfume_bottle,0,0
10279,plaid_shawl,0,0
10280,problem_solver_sensei_(blue_archive),4,0
10281,red_garter_belt,0,0
10282,reflective_clothes,0,0
10283,rina_atherina,4,0
10284,simulated_footjob,0,0
10285,souryuu_asuka_langley_(cosplay),0,0
10286,tennis,0,0
10287,texas_(willpower)_(arknights),4,0
10288,toujou_koneko,4,0
10289,unworn_eyepatch,0,0
10290,wakfu,0,0
10291,wing_ears,0,0
10292,yukimin_(yukihana_lamy),4,0
10293,aogiri_koukou,0,0
10294,balancing,0,0
10295,brigitte_(overwatch),4,0
10296,coconut_(nekopara),4,0
10297,concert,0,0
10298,cum_in_throat,0,0
10299,dokuro-kun_(houshou_marine),4,0
10300,door_handle,0,0
10301,elbow_sleeve,0,0
10302,elin,4,0
10303,extra_mouth,0,0
10304,festival,0,0
10305,fishnet_leotard,0,0
10306,floating_breasts,0,0
10307,grey_scarf,0,0
10308,inkwell,0,0
10309,irys_(casualrys)_(hololive),4,0
10310,justice_task_force_(blue_archive),0,0
10311,katarina_(league_of_legends),4,0
10312,laios_touden,4,0
10313,maid_day,0,0
10314,monika_weisswind,4,0
10315,mysterious_heroine_x_alter_(second_ascension)_(fate),4,0
10316,orange_socks,0,0
10317,ruthenium77's_character,4,0
10318,sketch_background,0,0
10319,standing_anilingus,0,0
10320,striped_fur,0,0
10321,tail_flower,0,0
10322,train_conductor,0,0
10323,transparent_umbrella,0,0
10324,two-tone_hairband,0,0
10325,white_blood_cell_(hataraku_saibou),4,0
10326,wolf_cut,0,0
10327,wrist_straps,0,0
10328,yellow_theme,0,0
10329,yu_mei-ren_(second_ascension)_(fate),4,0
10330,yuuki_rito,4,0
10331,anal_fisting,0,0
10332,aqua_neckerchief,0,0
10333,aqua_wings,0,0
10334,arcane_jinx,4,0
10335,arched_soles,0,0
10336,bandaid_on_shoulder,0,0
10337,bandolier,0,0
10338,bemani,0,0
10339,black_theme,0,0
10340,clothes_pin,0,0
10341,cordelia_(fire_emblem),4,0
10342,cunnilingus_gesture,0,0
10343,down_jacket,0,0
10344,drumsticks,0,0
10345,faerie_knights_(fate),0,0
10346,fake_magazine_cover,0,0
10347,frieren_stuck_in_a_mimic_(meme),0,0
10348,frontbend,0,0
10349,grocery_bag,0,0
10350,hand_on_head,0,0
10351,highleg_dress,0,0
10352,ichigo_(mignon),4,0
10353,izutsumi,4,0
10354,janus_(azur_lane),4,0
10355,kirlia,4,0
10356,mahjong,0,0
10357,mario_kart,0,0
10358,nakagawa_nana,4,0
10359,object_namesake,0,0
10360,public_bondage,0,0
10361,qiyana_(league_of_legends),4,0
10362,red_petals,0,0
10363,renge_(blue_archive),4,0
10364,rice_shower_(umamusume),4,0
10365,ryouou_school_uniform,0,0
10366,sombra_(overwatch),4,0
10367,star_brooch,0,0
10368,step-siblings,0,0
10369,sukeban,0,0
10370,swim_goggles,0,0
10371,tekken_8,0,0
10372,tokino_sora_(1st_costume),4,0
10373,tokitsukaze_(kancolle),4,0
10374,tomoe_(blue_archive),4,0
10375,towa_herschel,4,0
10376,tsubasa_(kureha),4,0
10377,tuxedo,0,0
10378,two-tone_coat,0,0
10379,yukong_(honkai:_star_rail),4,0
10380,akizuki_ritsuko,4,0
10381,aztec,0,0
10382,checkered_sash,0,0
10383,cursor,0,0
10384,eiyuu_senki,0,0
10385,final_fight,0,0
10386,flower_over_eye,0,0
10387,footjob_over_clothes,0,0
10388,ghost_girl,0,0
10389,grand_piano,0,0
10390,grim_aloe,4,0
10391,hakama_pants,0,0
10392,inne_sulistya_robin,4,0
10393,larcei_(fire_emblem),4,0
10394,laundry,0,0
10395,lime_(fruit),0,0
10396,liquid_hair,0,0
10397,long_ribbon,0,0
10398,ludmilla_(nikke),4,0
10399,microsoft_windows,0,0
10400,moona_hoshinova_(1st_costume),4,0
10401,neck_ruff,0,0
10402,nelliel_tu_odelschwanck,4,0
10403,pavolia_reine_(1st_costume),4,0
10404,pink_petals,0,0
10405,print_headwear,0,0
10406,ptilopsis_(arknights),4,0
10407,saaya_(kirome),4,0
10408,sei_shounagon_(fate),4,0
10409,shion_(tensei_shitara_slime_datta_ken),4,0
10410,shirt_cut_meme,0,0
10411,sitting_split,0,0
10412,tales_of_berseria,0,0
10413,tangzhuang,0,0
10414,tropical-rouge!_precure,0,0
10415,unworn_belt,0,0
10416,valkyrie_(fate),4,0
10417,washington_(azur_lane),4,0
10418,yuigaoka_school_uniform,0,0
10419,aikatsu!,0,0
10420,akai_haato_(gothic_lolita),4,0
10421,aki_shizuha,4,0
10422,anchor_ornament,0,0
10423,blue_babydoll,0,0
10424,bolo_tie,0,0
10425,bomb,0,0
10426,cash_register,0,0
10427,chinese_new_year,0,0
10428,clannad,0,0
10429,cs/ls06,0,0
10430,cumdrip_onto_panties,0,0
10431,dola_(nijisanji),4,0
10432,front-print_panties,0,0
10433,fuse_tail,0,0
10434,gekota,4,0
10435,go!_princess_precure,0,0
10436,horikita_suzune,4,0
10437,hornet_(azur_lane),4,0
10438,implied_after_fellatio,0,0
10439,inui_shinju,4,0
10440,japan_national_police,0,0
10441,kuoh_academy_school_uniform,0,0
10442,kuromorimine_military_uniform,0,0
10443,load_bearing_vest,0,0
10444,magia_azure,4,0
10445,metaphor:_refantazio,0,0
10446,mole_on_back,0,0
10447,mona_(genshin_impact)_(cosplay),0,0
10448,multicolored_footwear,0,0
10449,naginata,0,0
10450,ouji_fashion,0,0
10451,paizuri_over_clothes,0,0
10452,pavement,0,0
10453,pill_hair_ornament,0,0
10454,pink_gemstone,0,0
10455,premature_ejaculation,0,0
10456,reverse_paizuri,0,0
10457,ribbon-trimmed_bikini,0,0
10458,shared_food,0,0
10459,shiro_(mignon),4,0
10460,single_half_glove,0,0
10461,spread_cleavage,0,0
10462,swiftsure_(azur_lane),4,0
10463,tootsuki_saryou_ryouri_gakuen_uniform,0,0
10464,unworn_sweater,0,0
10465,wet_face,0,0
10466,yakishio_lemon,4,0
10467,yellow_sweater_vest,0,0
10468,777_(nikke),0,0
10469,amane_kanata_(nurse),4,0
10470,angela_balzac,4,0
10471,angelise_reiter,4,0
10472,arm_on_own_head,0,0
10473,baltimore_(black_ace)_(azur_lane),4,0
10474,bandaid_on_stomach,0,0
10475,blank_stare,0,0
10476,blue_poison_(shoal_beat)_(arknights),4,0
10477,booth_seating,0,0
10478,brown_hoodie,0,0
10479,butterfly_sitting,0,0
10480,cat_hat,0,0
10481,cleaning_rag,0,0
10482,cola,0,0
10483,cream_on_body,0,0
10484,cross-laced_legwear,0,0
10485,easel,0,0
10486,hands_on_thighs,0,0
10487,holding_behind_back,0,0
10488,holding_briefcase,0,0
10489,holding_envelope,0,0
10490,hot_dog,0,0
10491,implied_extra_ears,0,0
10492,implied_rape,0,0
10493,kamado_tanjirou,4,0
10494,kaya_(blue_archive),4,0
10495,kitten_(gravity_daze),4,0
10496,la_pluma_(summer_flowers)_(arknights),4,0
10497,lace_garter_belt,0,0
10498,lace_legwear,0,0
10499,love_live!_school_idol_festival,0,0
10500,malyna_(malberrybush),4,0
10501,mogador_(locker_room_lechery)_(azur_lane),4,0
10502,olive_laurentia,4,0
10503,on_toilet,0,0
10504,ophelia_(bigrbear),4,0
10505,polka_dot_swimsuit,0,0
10506,rakuen_tsuihou,0,0
10507,red_(pokemon),4,0
10508,see-through_bodysuit,0,0
10509,sekhmet_of_death,4,0
10510,sharkboo_(zenless_zone_zero),4,0
10511,shauna_(pokemon),4,0
10512,shoukaku_(sororal_wings)_(azur_lane),4,0
10513,space_ishtar_(fate),4,0
10514,stats,0,0
10515,stream,0,0
10516,sweat_stain,0,0
10517,tone_(kancolle),4,0
10518,tropical_fish,0,0
10519,u-1196,4,0
10520,windowsill,0,0
10521,yonomori_kobeni,4,0
10522,albedo_(genshin_impact),4,0
10523,american_flag_dress,0,0
10524,bear_tail,0,0
10525,bell_cranel,4,0
10526,black_sarong,0,0
10527,body_pillow,0,0
10528,breath_weapon,0,0
10529,bremerton_(day-off_date)_(azur_lane),4,0
10530,broken_condom,0,0
10531,bronya_zaychik_(outstanding_attitude),4,0
10532,chasing,0,0
10533,cross_facial_mark,0,0
10534,detached_ahoge,0,0
10535,dobermann_(arknights),4,0
10536,drowning,0,0
10537,enterprise_(wind_catcher)_(azur_lane),4,0
10538,fast_food_uniform,0,0
10539,freediving,0,0
10540,garchomp,4,0
10541,glass_door,0,0
10542,heavy,0,0
10543,ichijou_ririka_(1st_costume),4,0
10544,kokoro_(hakui_koyori),4,0
10545,kotonoha_akane,4,0
10546,kusuriya_no_hitorigoto,0,0
10547,lace-trimmed_collar,0,0
10548,liko_(pokemon),4,0
10549,mega_man_legends_(series),0,0
10550,misunderstanding,0,0
10551,owari_(shimmering_forsythia)_(azur_lane),4,0
10552,pandemonica_(helltaker),4,0
10553,pantyhose_around_one_leg,0,0
10554,papers,0,0
10555,photorealistic,0,0
10556,ponytail_with_braided_base,0,0
10557,prisoner,0,0
10558,prydwen_(fate),0,0
10559,rean_schwarzer,4,0
10560,red_cardigan,0,0
10561,request_inset,0,0
10562,shermie_(kof),4,0
10563,shoulder_carry,0,0
10564,silver_fox_(kemono_friends),4,0
10565,single_wrist_cuff,0,0
10566,sounding,0,0
10567,stirrup_footwear,0,0
10568,strong,0,0
10569,tanuki,0,0
10570,ursula_(takunomi),4,0
10571,vaginal_prolapse,0,0
10572,volume_(nikke),4,0
10573,wiggling_toes,0,0
10574,z46_(azur_lane),4,0
10575,aisha_landar,4,0
10576,angel's_24_uniform_(blue_archive),0,0
10577,ankleband,0,0
10578,aqua_gemstone,0,0
10579,clay_(nikke),4,0
10580,clothes_on_and_off,0,0
10581,cogita_(pokemon),4,0
10582,coin_hair_ornament,0,0
10583,enlightened_byleth_(female),4,0
10584,flaming_eyes,0,0
10585,fundoshi_aside,0,0
10586,gatling_gun,0,0
10587,holding_vegetable,0,0
10588,human_dog,0,0
10589,inoue_yurina,4,0
10590,kaede_to_suzu,0,0
10591,kirishima_(kancolle),4,0
10592,kohinata_miho,4,0
10593,kurosaki_chitose,4,0
10594,leoparde_(mahou_shoujo_ni_akogarete),4,0
10595,littorio_(azur_lane),4,0
10596,medusa_(shingeki_no_bahamut),4,0
10597,meta,0,0
10598,mizu_happi,0,0
10599,momosuzu_nene_(1st_costume),4,0
10600,motherly,0,0
10601,official_alternate_color,0,0
10602,pink_innertube,0,0
10603,pipkin_pippa,4,0
10604,pull_out,0,0
10605,real_life_insert,0,0
10606,richelieu_(fleuron_of_the_waves)_(azur_lane),4,0
10607,screwdriver,0,0
10608,side-tie_shirt,0,0
10609,sketchbook,0,0
10610,sleeve_bow,0,0
10611,striped_sports_bra,0,0
10612,sunburst_iris,0,0
10613,sushang_(honkai:_star_rail),4,0
10614,tracen_swimsuit,0,0
10615,type_97_(girls'_frontline),4,0
10616,untied_footwear,0,0
10617,vertical-striped_bra,0,0
10618,zuihou_(kancolle),4,0
10619,aiz_wallenstein,4,0
10620,anchor_earrings,0,0
10621,aranara_(genshin_impact),4,0
10622,billy_kid,4,0
10623,brest_(azur_lane),4,0
10624,chef,0,0
10625,chuunibyou,0,0
10626,cooperative_footjob,0,0
10627,daisy,0,0
10628,dohna_dohna_issho_ni_warui_koto_o_shiyou,0,0
10629,fish_print,0,0
10630,halo_(series),0,0
10631,high_tops,0,0
10632,hoshizora_rin,4,0
10633,ingrid_brandl_galatea,4,0
10634,kadotani_anzu,4,0
10635,kagamihara_nadeshiko,4,0
10636,male_with_breasts,0,0
10637,nintendo,0,0
10638,orange_goggles,0,0
10639,orange_scarf,0,0
10640,print_pajamas,0,0
10641,purple_robe,0,0
10642,rapi_(classic_vacation)_(nikke),4,0
10643,ribbon-trimmed_skirt,0,0
10644,sakurako_(idol)_(blue_archive),4,0
10645,scars_all_over,0,0
10646,simulated_paizuri,0,0
10647,skinny_dipping,0,0
10648,spilled_milk,0,0
10649,strawberry_panties,0,0
10650,tankard,0,0
10651,tedeza_rize,4,0
10652,tengu-geta,0,0
10653,tickle_torture,0,0
10654,wrist_bow,0,0
10655,2p_(nier:automata),4,0
10656,aegir_(iron_blood's_dragon_maid)_(azur_lane),4,0
10657,although_she_hurriedly_put_on_clothes_(meme),0,0
10658,birdcage,0,0
10659,bunny_garden,0,0
10660,buruma_around_one_leg,0,0
10661,collared_cape,0,0
10662,cum_swap,0,0
10663,easter_egg,0,0
10664,gloved_sleeves,0,0
10665,gold_crown,0,0
10666,gradient_nails,0,0
10667,grisaia_(series),0,0
10668,helena_blavatsky_(swimsuit_archer)_(fate),4,0
10669,hino_rei,4,0
10670,icing,0,0
10671,iwatani_naofumi,4,0
10672,karaoke,0,0
10673,kendo_itsuka,4,0
10674,key_earrings,0,0
10675,kousaka_kyousuke,4,0
10676,manga_cover,0,0
10677,murasa_minamitsu,4,0
10678,naked_chocolate,0,0
10679,nude_modeling,0,0
10680,object_through_head,0,0
10681,painterly,0,0
10682,penguin_hood,0,0
10683,purple_socks,0,0
10684,severed_head,0,0
10685,sexting,0,0
10686,shark_print,0,0
10687,small_nipples,0,0
10688,smelling_ass,0,0
10689,soapland,0,0
10690,soulcalibur_vi,0,0
10691,st._gloriana's_military_uniform,0,0
10692,sussurro_(arknights),4,0
10693,tosa_(hometown_zest)_(azur_lane),4,0
10694,touhoku_kiritan,4,0
10695,wanted_poster,0,0
10696,yellow_bag,0,0
10697,yor_briar_(cosplay),0,0
10698,yu_xuan_(yewang19),4,0
10699,aegis_(takunomi),4,0
10700,agnes_tachyon_(umamusume),4,0
10701,akashi_(azur_lane),4,0
10702,album_cover,0,0
10703,ame-chan_(needy_girl_overdose),4,0
10704,at_gunpoint,0,0
10705,bandaged_fingers,0,0
10706,bastet_(houtengeki),4,0
10707,benghuai_xueyuan,0,0
10708,birthmark,0,0
10709,blue_armor,0,0
10710,briar_(league_of_legends),4,0
10711,bunnystein_fantasy,0,0
10712,carmilla_(swimsuit_rider)_(fate),4,0
10713,carrying_bag,0,0
10714,chariot_(black_rock_shooter),4,0
10715,dildo_harness,0,0
10716,double_breast_sucking,0,0
10717,easter,0,0
10718,eyebrow_cut,0,0
10719,fishing,0,0
10720,futami_ami,4,0
10721,glitter,0,0
10722,hard_hat,0,0
10723,hiryuu_(kancolle),4,0
10724,holding_burger,0,0
10725,houshou_marine_(cosplay),0,0
10726,i-no,4,0
10727,kaname_madoka_(magical_girl),4,0
10728,kidnapping,0,0
10729,laundry_basket,0,0
10730,mannequin,0,0
10731,metal_skin,0,0
10732,monochrome_background,0,0
10733,morgan_le_fay_(water_princess)_(fate),4,0
10734,multiple_swords,0,0
10735,nacchan_(ohisashiburi),4,0
10736,nanao_yuriko,4,0
10737,new_jersey_(midsummer_leisure)_(azur_lane),4,0
10738,olga_marie_animusphere,4,0
10739,optical_sight,0,0
10740,picking_up,0,0
10741,purple_pasties,0,0
10742,rainbow_order,0,0
10743,riddle_joker,0,0
10744,rosa_(arknights),4,0
10745,skadi_(waverider)_(arknights),4,0
10746,skirk_(genshin_impact),4,0
10747,snake_tattoo,0,0
10748,thigh_sheath,0,0
10749,vibrator_in_anus,0,0
10750,yellow_sports_bra,0,0
10751,aesc_(rain_witch)_(fate),4,0
10752,aqua_pupils,0,0
10753,arashi_(kancolle),4,0
10754,bad_leg,0,0
10755,bear,0,0
10756,bready_(nikke),4,0
10757,carton,0,0
10758,cevio,0,0
10759,clarisse_(granblue_fantasy),4,0
10760,cloud_retainer_(genshin_impact),4,0
10761,cream_on_face,0,0
10762,cu_chulainn_(fate),4,0
10763,fake_mustache,0,0
10764,flower_trim,0,0
10765,forced_partners,0,0
10766,hip_tattoo,0,0
10767,kasane_teto,4,0
10768,kawaii_dake_ja_nai_shikimori-san,0,0
10769,lady_(devil_may_cry),4,0
10770,multicolored_hat,0,0
10771,murasaki_shion_(gothic_lolita),4,0
10772,mutual_fingering,0,0
10773,necktie_in_mouth,0,0
10774,pastry,0,0
10775,quency_(nikke),4,0
10776,satchel,0,0
10777,serina_(nurse)_(blue_archive),4,0
10778,silver_bikini,0,0
10779,spoken_food,0,0
10780,sui_(isekai_ojisan),4,0
10781,teenage,0,0
10782,the_moon_studio,0,0
10783,tokitarou_(fate),4,0
10784,tulip_hat,0,0
10785,two-tone_kimono,0,0
10786,undone_neckerchief,0,0
10787,yo-yo,0,0
10788,yu-gi-oh!_zexal,0,0
10789,aa-12_(girls'_frontline),4,0
10790,aa_megami-sama,0,0
10791,alice_(wonderland_bunny)_(nikke),4,0
10792,antique_firearm,0,0
10793,anubis_(houtengeki),4,0
10794,aragaki_ayase,4,0
10795,black_heart_(neptunia),4,0
10796,bloomers_pull,0,0
10797,caeda_(fire_emblem),4,0
10798,converse,0,0
10799,cupitan_(granblue_fantasy),4,0
10800,cygnet_(azur_lane),4,0
10801,doorknob,0,0
10802,duffel_coat,0,0
10803,extreme_dangling,0,0
10804,frilled_thigh_strap,0,0
10805,green_wings,0,0
10806,gun_to_head,0,0
10807,hand_gesture,0,0
10808,hobble,0,0
10809,irys_(irys_1.0)_(hololive),4,0
10810,joystick,0,0
10811,kumano_(kancolle),4,0
10812,lit_fuse,0,0
10813,little_witch_nobeta,0,0
10814,maomao_(kusuriya_no_hitorigoto),4,0
10815,minase_akiko,4,0
10816,monkey_girl,0,0
10817,mosin-nagant,0,0
10818,multiple_weapons,0,0
10819,neko_(minato_aqua),4,0
10820,object_insertion_from_behind,0,0
10821,oreki_houtarou,4,0
10822,paradis_military_uniform,0,0
10823,patterned_legwear,0,0
10824,ragnarok_online,0,0
10825,rattle,0,0
10826,sazanami_(kancolle),4,0
10827,smoking_barrel,0,0
10828,stardew_valley,0,0
10829,surcouf_(azur_lane),4,0
10830,valkyrie_police_academy_student_(blue_archive),4,0
10831,yu-gi-oh!_arc-v,0,0
10832,:s,0,0
10833,<o>_<o>,0,0
10834,adult_neptune,4,0
10835,antique_phone,0,0
10836,bao_(vtuber),4,0
10837,blue_eyeliner,0,0
10838,blue_tabard,0,0
10839,body_armor,0,0
10840,bradamante_(third_ascension)_(fate),4,0
10841,brazil,0,0
10842,brown_sailor_collar,0,0
10843,carrot_(one_piece),4,0
10844,cheshire_(summery_date!)_(azur_lane),4,0
10845,comiket_99,0,0
10846,core,0,0
10847,crane_(animal),0,0
10848,cue_stick,0,0
10849,empire_waist,0,0
10850,facepalm,0,0
10851,fanning_face,0,0
10852,floral_print_dress,0,0
10853,footwear_focus,0,0
10854,frilled_wrist_cuffs,0,0
10855,frostleaf_(arknights),4,0
10856,fur_capelet,0,0
10857,gundam_00,0,0
10858,hands_on_another's_knees,0,0
10859,headlock,0,0
10860,heles,4,0
10861,hill,0,0
10862,holding_megaphone,0,0
10863,holding_stethoscope,0,0
10864,human_furniture,0,0
10865,kiana_kaslana_(white_comet),4,0
10866,kotonoha_aoi,4,0
10867,millie_parfait,4,0
10868,minneapolis_(azur_lane),4,0
10869,mipha,4,0
10870,mistletoe,0,0
10871,mitake_ran,4,0
10872,morikubo_nono,4,0
10873,nakiri_alice,4,0
10874,neeko_(league_of_legends),4,0
10875,nier_(granblue_fantasy),4,0
10876,nightclub,0,0
10877,olga_discordia,4,0
10878,purple_apron,0,0
10879,purple_cloak,0,0
10880,razor,0,0
10881,sabotaged_condom,0,0
10882,see-through_sports_bra,0,0
10883,shiny_pantyhose,0,0
10884,shiranui_(kancolle),4,0
10885,sig_516,0,0
10886,squirrel,0,0
10887,suspenders_pull,0,0
10888,sweater_vest_lift,0,0
10889,tribadism_through_clothes,0,0
10890,tsugumomo,0,0
10891,u-47_(azur_lane),4,0
10892,vampire_(azur_lane),4,0
10893,vomiting_cum,0,0
10894,white_trim,0,0
10895,yoo_mina,4,0
10896,zinnia_(pokemon),4,0
10897,aestus_estus,0,0
10898,aqua_(kingdom_hearts),4,0
10899,blowing_smoke,0,0
10900,braces,0,0
10901,breathing_fire,0,0
10902,broken_armor,0,0
10903,brown-tinted_eyewear,0,0
10904,camera_flash,0,0
10905,cheelai,4,0
10906,chewing,0,0
10907,conte_di_cavour_(kancolle),4,0
10908,crotchless_swimsuit,0,0
10909,ear_protection,0,0
10910,ellin_meiji,4,0
10911,ezo_red_fox_(kemono_friends),4,0
10912,fiery_ears,0,0
10913,fruit_cup,0,0
10914,fujimaru_ritsuka_(female)_(brilliant_summer),4,0
10915,green_headband,0,0
10916,green_socks,0,0
10917,halberd,0,0
10918,halo_behind_head,0,0
10919,index_fingers_raised,0,0
10920,kouhai-chan_(tawawa),4,0
10921,left-to-right_manga,0,0
10922,machine,0,0
10923,master_sword,0,0
10924,mizuno_ami,4,0
10925,mona_(pact_of_stars_and_moon)_(genshin_impact),4,0
10926,nina_kosaka,4,0
10927,nipple_tag,0,0
10928,nui_sociere_(1st_costume),4,0
10929,o-ring_dress,0,0
10930,oversized_animal,0,0
10931,owari_no_seraph,0,0
10932,paint_on_body,0,0
10933,pocari_sweat,0,0
10934,priest,0,0
10935,reizei_mako,4,0
10936,saber_lily,4,0
10937,samus_aran_(cosplay),0,0
10938,shirogane_noel_(dirndl),4,0
10939,sports_bra_pull,0,0
10940,staff_of_homa_(genshin_impact),0,0
10941,striped_hoodie,0,0
10942,sunny_milk,4,0
10943,tea_party_(blue_archive),0,0
10944,tensei_oujo_to_tensai_reijou_no_mahou_kakumei,0,0
10945,tripod,0,0
10946,vodka,0,0
10947,white_armor,0,0
10948,yellow_socks,0,0
10949,yellow_wings,0,0
10950,;(,0,0
10951,analog_clock,0,0
10952,ao_dai,0,0
10953,bayonetta_2,0,0
10954,black_hanekawa,4,0
10955,black_vs_white,0,0
10956,butler,0,0
10957,castlevania_(series),0,0
10958,chevreuse_(genshin_impact),4,0
10959,clothes-dissolving_potion,0,0
10960,crushing,0,0
10961,cum_in_bowl,0,0
10962,faye_valentine,4,0
10963,fingers_to_mouth,0,0
10964,food_in_ass,0,0
10965,food_on_head,0,0
10966,german_text,0,0
10967,good_end,0,0
10968,hand_on_own_elbow,0,0
10969,haruka_(senran_kagura),4,0
10970,helldivers_(series),0,0
10971,holding_id_card,0,0
10972,honeycomb_(pattern),0,0
10973,kamikaze_(kancolle),4,0
10974,katagiri_sanae,4,0
10975,menat,4,0
10976,meridian_project,0,0
10977,mismatched_horns,0,0
10978,morishima_haruka,4,0
10979,new_(lk),4,0
10980,nipple_press,0,0
10981,oda_nobunaga_(maou_avenger)_(fate),4,0
10982,paw_hair_ornament,0,0
10983,pink_slingshot_swimsuit,0,0
10984,pola_(kancolle),4,0
10985,purple_umbrella,0,0
10986,ribbon-trimmed_panties,0,0
10987,strong_zero,0,0
10988,super_mario_odyssey,0,0
10989,tokai_teio_(umamusume),4,0
10990,tomoe_mami_(magical_girl),4,0
10991,unworn_backpack,0,0
10992,yellow_trim,0,0
10993,yorktown_ii_(azur_lane),4,0
10994,zipper_top,0,0
10995,abigail_williams_(swimsuit_foreigner)_(third_ascension)_(fate),4,0
10996,akagi-chan_(azur_lane),4,0
10997,amanda_o'neill,4,0
10998,animal_slippers,0,0
10999,argyle_pantyhose,0,0
11000,beeswax_(arknights),4,0
11001,berry,0,0
11002,boxing_ring,0,0
11003,breastless_leotard,0,0
11004,breeding_mount,0,0
11005,bullet_hole,0,0
11006,christina_(princess_connect!),4,0
11007,clothes_in_front,0,0
11008,fluorescent_lamp,0,0
11009,g41_(girls'_frontline),4,0
11010,green_camisole,0,0
11011,hand_on_own_ear,0,0
11012,hands_on_penis,0,0
11013,ikaruga_luca,4,0
11014,imminent_bestiality,0,0
11015,jungle,0,0
11016,kirima_syaro,4,0
11017,kisaki_(blue_archive)_(cosplay),0,0
11018,krista_lenz,4,0
11019,mai_natsume,4,0
11020,medallion,0,0
11021,mousepad_(object),0,0
11022,mutual_hug,0,0
11023,playstation_5,0,0
11024,police_car,0,0
11025,producer_(idolmaster_cinderella_girls_anime),4,0
11026,railroad_tracks,0,0
11027,resident_evil_2,0,0
11028,sekaiju_no_meikyuu,0,0
11029,shopping_cart,0,0
11030,step_and_repeat,0,0
11031,stitched_leg,0,0
11032,stone_lantern,0,0
11033,suzuka_gozen_(swimsuit_rider)_(second_ascension)_(fate),4,0
11034,t-head_admiral,4,0
11035,takatsuki_yayoi,4,0
11036,the_end_of_evangelion,0,0
11037,thea_(nekojira),4,0
11038,ty_lee,4,0
11039,vajra_(granblue_fantasy),4,0
11040,vaporeon,4,0
11041,whitney_(pokemon),4,0
11042,zabuton,0,0
11043,anna_(fire_emblem),4,0
11044,astolfo_(memories_at_trifas)_(fate),4,0
11045,beast_boy_(dc),4,0
11046,boku_to_koi_suru_ponkotsu_akuma.,0,0
11047,bondage_mittens,0,0
11048,carrying_under_arm,0,0
11049,changing_clothes,0,0
11050,crane_game,0,0
11051,cuffed,0,0
11052,dante_(devil_may_cry),4,0
11053,eunectes_(forgemaster)_(arknights),4,0
11054,falin_touden_(chimera),4,0
11055,fishnet_armwear,0,0
11056,fleur-de-lis,0,0
11057,french_flag,0,0
11058,green_visor,0,0
11059,hagikaze_(kancolle),4,0
11060,higuchi_kaede_(1st_costume),4,0
11061,holding_pointer,0,0
11062,holoadvent,0,0
11063,hypnosis_app,0,0
11064,ibuki_douji_(swimsuit_berserker)_(first_ascension)_(fate),4,0
11065,kaifuku_jutsushi_no_yarinaoshi_~sokushi_mahou_to_skill_copy_no_chouetsu_heal~,0,0
11066,kaleina_(ricegnat),4,0
11067,kibito_high_school_uniform,0,0
11068,klukai_(girls'_frontline_2),4,0
11069,koyanskaya_(chinese_lostbelt_outfit)_(fate),4,0
11070,lacey_(pokemon),4,0
11071,log,0,0
11072,marriage_proposal,0,0
11073,menu_board,0,0
11074,meowy_(chainsaw_man),4,0
11075,microwave,0,0
11076,mikazuki_shizuka,4,0
11077,nekko_(momosuzu_nene),4,0
11078,rakudai_kishi_no_cavalry,0,0
11079,shelf_bra,0,0
11080,shiver_(splatoon),4,0
11081,side-tie_skirt,0,0
11082,societte_(granblue_fantasy),4,0
11083,sovetsky_soyuz_(azur_lane),4,0
11084,team_magma,0,0
11085,torn_bra,0,0
11086,tracen_training_uniform,0,0
11087,tsukimura_temari,4,0
11088,usada_pekora_(casual),4,0
11089,visor,0,0
11090,white_leggings,0,0
11091,yukkuri_shiteitte_ne,0,0
11092,alma_armas,4,0
11093,anachronism,0,0
11094,asa_no_ha_(pattern),0,0
11095,astolfo_(saber)_(first_ascension)_(fate),4,0
11096,autofellatio,0,0
11097,belfast_(blissful_service)_(azur_lane),4,0
11098,blood_on_leg,0,0
11099,breaker_gorgon,0,0
11100,camisole_pull,0,0
11101,cigarette_pack,0,0
11102,cloud_print,0,0
11103,colorado_(kancolle),4,0
11104,crest,0,0
11105,crotchless_bikini,0,0
11106,duke_of_york_(azur_lane),4,0
11107,elbows_on_table,0,0
11108,g-spot_stimulation,0,0
11109,golden_hind_(azur_lane),4,0
11110,head_hug,0,0
11111,holding_gohei,0,0
11112,jade_(azur_lane),4,0
11113,kaguya_luna,4,0
11114,kaii_to_otome_to_kamikakushi,0,0
11115,katsuragi_lilja,4,0
11116,kondou_taeko,4,0
11117,lettuce,0,0
11118,licking_another's_cheek,0,0
11119,mashiro_(swimsuit)_(blue_archive),4,0
11120,mimura_kanako,4,0
11121,misato_(princess_connect!),4,0
11122,miyamori_aoi,4,0
11123,mogami_shizuka,4,0
11124,note,0,0
11125,oogaki_chiaki,4,0
11126,peril,0,0
11127,personality_switch,0,0
11128,pier,0,0
11129,pink_tube_top,0,0
11130,poison_ivy,4,0
11131,purple_sarong,0,0
11132,rei_(pokemon),4,0
11133,saga_(arknights),4,0
11134,sapphira_nyx,4,0
11135,sayu_(genshin_impact),4,0
11136,seggs_(meme),0,0
11137,shinano_(visions_of_fantasy)_(azur_lane),4,0
11138,simple_bird,0,0
11139,slipper_bathtub,0,0
11140,spacesuit,0,0
11141,stuffed_winged_unicorn,0,0
11142,swirl_lollipop,0,0
11143,takamori_aiko,4,0
11144,tanaka_kotoha,4,0
11145,toji_no_miko,0,0
11146,tokyo_exe_girls,0,0
11147,ultra_ball,0,0
11148,vampire_costume,0,0
11149,virtuous_contract,0,0
11150,after_handjob,0,0
11151,akebi-chan_no_serafuku,0,0
11152,alex_(minecraft),4,0
11153,bradamante_(first_ascension)_(fate),4,0
11154,campfire,0,0
11155,coral,0,0
11156,dragon_boy,0,0
11157,duel_academy_uniform_(yu-gi-oh!_gx),0,0
11158,dyed_ahoge,0,0
11159,es_(xblaze),4,0
11160,europa_(granblue_fantasy),4,0
11161,gantz,0,0
11162,grabbing_another's_thighs,0,0
11163,haguro_(kancolle),4,0
11164,hatsune_miku_(cosplay),0,0
11165,heart_straw,0,0
11166,hymen,0,0
11167,jeanne_d'arc_(granblue_fantasy),4,0
11168,kaban_(kemono_friends),4,0
11169,kagerou_(kancolle),4,0
11170,kasumi_kai_ni_(kancolle),4,0
11171,kuro_no_kiseki_i,0,0
11172,miyu_edelfelt_(beast_style),4,0
11173,naked_lab_coat,0,0
11174,nonstop_nut_november,0,0
11175,orange_sclera,0,0
11176,pendant_earring,0,0
11177,pinstripe_skirt,0,0
11178,pitcher_(container),0,0
11179,purple_fur,0,0
11180,rectangular_halo,0,0
11181,ribbed_swimsuit,0,0
11182,samson_(skullgirls),4,0
11183,saw,0,0
11184,shigure_kai_san_(kancolle),4,0
11185,shimoneta_to_iu_gainen_ga_sonzai_shinai_taikutsu_na_sekai,0,0
11186,shizuku_(kantoku),4,0
11187,slave_brand,0,0
11188,standing_on_liquid,0,0
11189,striped_coat,0,0
11190,sucking_male_nipple,0,0
11191,swim_briefs,0,0
11192,taigei_(kancolle),4,0
11193,termichan_(not-a-bot),4,0
11194,togruta,0,0
11195,video_call,0,0
11196,weapon_behind_back,0,0
11197,ainu_clothes,0,0
11198,ane_naru_mono,0,0
11199,annette_fantine_dominic,4,0
11200,apricot_the_lich,4,0
11201,ashe_(overwatch),4,0
11202,bald_eagle,0,0
11203,biting_neck,0,0
11204,caenis_(swimsuit_rider)_(fate),4,0
11205,crisis_management_form_(machimazo),0,0
11206,cut-here_line,0,0
11207,d4dj,0,0
11208,devil_may_cry_5,0,0
11209,enoshima_junko,4,0
11210,ethel_(xenoblade),4,0
11211,feet_on_chair,0,0
11212,golden_rose,0,0
11213,hidden_face,0,0
11214,imminent_netorare,0,0
11215,izumi_(swimsuit)_(blue_archive),4,0
11216,kneesocks_(psg),4,0
11217,kroos_the_keen_glint_(arknights),4,0
11218,kurikoma_komaru,4,0
11219,latex_panties,0,0
11220,license_plate,0,0
11221,luna_child,4,0
11222,mamiya_(kancolle),4,0
11223,martial_arts_belt,0,0
11224,mogami_(kancolle),4,0
11225,naked_costume,0,0
11226,nibutani_shinka,4,0
11227,ogawa_sumireko,4,0
11228,oleana_(pokemon),4,0
11229,orange_belt,0,0
11230,pointed_crown,0,0
11231,polka_dot_ribbon,0,0
11232,princess_bonnibel_bubblegum,4,0
11233,quad_braids,0,0
11234,quiz_magic_academy_the_world_evolve,0,0
11235,roronoa_zoro,4,0
11236,sailor_swimsuit_(idolmaster),0,0
11237,selvaria_bles,4,0
11238,senran_kagura_new_wave,0,0
11239,star_censor,0,0
11240,streetwear,0,0
11241,studded_garter_belt,0,0
11242,swiss_roll,0,0
11243,the_witcher_3,0,0
11244,toph_bei_fong,4,0
11245,uruha_rushia_(school_uniform),4,0
11246,vertical-striped_sports_bra,0,0
11247,waist_hug,0,0
11248,warning_sign,0,0
11249,watson_amelia_(street_casual),4,0
11250,5koma,0,0
11251,adam_(honkai_impact),4,0
11252,aida_taketo,4,0
11253,alice_in_wonderland,0,0
11254,anubis_(mythology),4,0
11255,aqua_scarf,0,0
11256,baton_(weapon),0,0
11257,black_hole,0,0
11258,black_unitard,0,0
11259,bloodlight_(nyantcha),0,0
11260,bond_(spy_x_family),4,0
11261,bubba_(watson_amelia),4,0
11262,carlotta_(wuthering_waves),4,0
11263,chaise_longue,0,0
11264,chen_hai_(vestibule_of_wonders)_(azur_lane),4,0
11265,couter,0,0
11266,cyclops,0,0
11267,dragon_dildo,0,0
11268,exercise_machine,0,0
11269,ferris_wheel,0,0
11270,finger_to_tongue,0,0
11271,flat_screen_tv,0,0
11272,fungi_(genshin_impact),4,0
11273,gabriel_tenma_white,4,0
11274,gastly,4,0
11275,good_meat_day,0,0
11276,grani_(arknights),4,0
11277,green_bag,0,0
11278,harvin,0,0
11279,heart_button,0,0
11280,heinrike_prinzessin_zu_sayn-wittgenstein,4,0
11281,hermione_(azur_lane),4,0
11282,holding_rope,0,0
11283,implied_vibrator,0,0
11284,in_the_face,0,0
11285,kanojo_x_kanojo_x_kanojo,0,0
11286,komano_aunn,4,0
11287,leopard_print_bikini,0,0
11288,maria_cadenzavna_eve,4,0
11289,meandros,0,0
11290,mieruko-chan,0,0
11291,muneate,0,0
11292,on_pillow,0,0
11293,ouro_kronii_(maid),4,0
11294,paripi_koumei,0,0
11295,pink_sky,0,0
11296,pokemon_adventures,0,0
11297,racing_miku_(2022),4,0
11298,removing_bra_under_shirt,0,0
11299,sakuma_mayu,4,0
11300,sanji_(one_piece),4,0
11301,seraphine_(league_of_legends),4,0
11302,setsubun,0,0
11303,shower_curtain,0,0
11304,smokestack,0,0
11305,sora_(arknights),4,0
11306,spreading,0,0
11307,tales_of_arise,0,0
11308,tall_hair,0,0
11309,taut_skirt,0,0
11310,three_quarter_profile,0,0
11311,tube_top_lift,0,0
11312,uneven_twintails,0,0
11313,unzen_(sojourn_through_clear_seas)_(azur_lane),4,0
11314,werewolf_costume,0,0
11315,white_shawl,0,0
11316,youtou_high_school_uniform,0,0
11317,zuikaku_(the_wind's_true_name)_(azur_lane),4,0
11318,arashio_(kancolle),4,0
11319,arifureta_shokugyou_de_sekai_saikyou,0,0
11320,ass-to-ass_penetration,0,0
11321,bluesona_(bluethebone),4,0
11322,car_seat,0,0
11323,chiyo_(ane_naru_mono),4,0
11324,clone_harem,0,0
11325,contortion,0,0
11326,cuff_links,0,0
11327,dithering,0,0
11328,flower_on_liquid,0,0
11329,front-seamed_legwear,0,0
11330,globe,0,0
11331,grimoire,0,0
11332,hand_over_eye,0,0
11333,hat_bell,0,0
11334,holding_blanket,0,0
11335,holding_flamethrower,0,0
11336,holding_letter,0,0
11337,holding_photo,0,0
11338,kanzuki_karin,4,0
11339,kicchou_yachie,4,0
11340,lava,0,0
11341,lime_slice,0,0
11342,low_horns,0,0
11343,makoto_(summer)_(princess_connect!),4,0
11344,mash_kyrielight_(cosplay),0,0
11345,minato_aqua_(hololive_summer_2019),4,0
11346,mudrock_(obsidian)_(arknights),4,0
11347,nagato_yuki,4,0
11348,painting_(action),0,0
11349,pee_in_container,0,0
11350,pink_capelet,0,0
11351,piplup,4,0
11352,playing_sports,0,0
11353,powered_wheelchair,0,0
11354,prinz_eugen_(cordial_cornflower)_(azur_lane),4,0
11355,roman_numeral,0,0
11356,rosetta_(granblue_fantasy),4,0
11357,ryougi_shiki,4,0
11358,shared_clothes,0,0
11359,shimada_chiyo,4,0
11360,single_horizontal_stripe,0,0
11361,turtle,0,0
11362,ushizaki_urumi,4,0
11363,varia_suit,0,0
11364,walther,0,0
11365,yellow_sky,0,0
11366,yuuki_yuuna,4,0
11367,against_door,0,0
11368,ahsoka_tano,4,0
11369,atelier_sophie,0,0
11370,baguette,0,0
11371,briefs,0,0
11372,caulifla,4,0
11373,censored_by_text,0,0
11374,character_charm,0,0
11375,chouzetsusaikawa_tenshi-chan,4,0
11376,ciel_(tsukihime),4,0
11377,corded_phone,0,0
11378,eggplant,0,0
11379,emden_(azur_lane),4,0
11380,fate/extra_ccc_fox_tail,0,0
11381,fuyutsuki_(kancolle),4,0
11382,honey,0,0
11383,horrified,0,0
11384,inflatable_orca,0,0
11385,intertwined_tails,0,0
11386,intrepid_(azur_lane),4,0
11387,koganei_niko,4,0
11388,kurumi_(lycoris_recoil),4,0
11389,lightsaber,0,0
11390,mariya_mikhailovna_kujou,4,0
11391,masked,0,0
11392,mirae_(closers),4,0
11393,mochi,0,0
11394,momoka_(blue_archive),4,0
11395,murasaki_shion_(hololive_summer_2019),4,0
11396,muv-luv,0,0
11397,nobeta,4,0
11398,number_print,0,0
11399,orange_pekoe_(girls_und_panzer),4,0
11400,oven,0,0
11401,penis_chart,0,0
11402,plackart,0,0
11403,pokemon_gsc,0,0
11404,popcorn,0,0
11405,removing_shoes,0,0
11406,rindou_mikoto_(1st_costume),4,0
11407,riza_hawkeye,4,0
11408,ryu_(street_fighter),4,0
11409,sairenji_haruna,4,0
11410,satin_dress,0,0
11411,sato_shin,4,0
11412,shirt_hold,0,0
11413,slayers,0,0
11414,speculum,0,0
11415,starfish_hair_ornament,0,0
11416,sun-shaped_pupils,0,0
11417,tentacle_clothes,0,0
11418,torn_socks,0,0
11419,twister,0,0
11420,tying,0,0
11421,victor_(pokemon),4,0
11422,weapon_in_garters,0,0
11423,yunomi,0,0
